Added Component: Designator=J?(FP-TSW-108-08-G-S-MFG)
Add component (AddParameter): Name = "Automotive"; Value = "No"; VariantName = "[No Variations]"
Add component (AddParameter): Name = "Category"; Value = "Conn"; VariantName = "[No Variations]"
Add component (AddParameter): Name = "ComponentLink2Description"; Value = "Datasheet"; VariantName = "[No Variations]"
Add component (AddParameter): Name = "ComponentLink2URL"; Value = "http://suddendocs.samtec.com/catalog_english/tsw_th.pdf"; VariantName = "[No Variations]"
Add component (AddParameter): Name = "Conn Gender"; Value = "Male"; VariantName = "[No Variations]"
Add component (AddParameter): Name = "Conn Orientation"; Value = "Straight"; VariantName = "[No Variations]"
Add component (AddParameter): Name = "Contact Material"; Value = "Gold,Nickel"; VariantName = "[No Variations]"
Add component (AddParameter): Name = "Device Class L1"; Value = "Connectors"; VariantName = "[No Variations]"
Add component (AddParameter): Name = "Device Class L2"; Value = "Headers and Wire Housings"; VariantName = "[No Variations]"
Add component (AddParameter): Name = "Device Class L3"; Value = "unset"; VariantName = "[No Variations]"
Add component (AddParameter): Name = "Digikey Description"; Value = "CONN HEADER VERT 8POS 2.54MM"; VariantName = "[No Variations]"
Add component (AddParameter): Name = "Footprint Url"; Value = "http://suddendocs.samtec.com/prints/tsw-xxx-xx-x-x-xx-xxx-footprint.pdf"; VariantName = "[No Variations]"
Add component (AddParameter): Name = "Height"; Value = "8.71mm"; VariantName = "[No Variations]"
Add component (AddParameter): Name = "Lead Free"; Value = "Yes"; VariantName = "[No Variations]"
Add component (AddParameter): Name = "Manufacturer"; Value = "Samtec"; VariantName = "[No Variations]"
Add component (AddParameter): Name = "Manufacturer Part Number"; Value = "TSW-108-08-G-S"; VariantName = "[No Variations]"
Add component (AddParameter): Name = "Mouser Description"; Value = "TSW - Samtec 2.54mm Pin Header 13.46mm Overall Pin Length 5.08mm Tail"; VariantName = "[No Variations]"
Add component (AddParameter): Name = "Number Of Contacts"; Value = "8"; VariantName = "[No Variations]"
Add component (AddParameter): Name = "Number Of Rows"; Value = "1"; VariantName = "[No Variations]"
Add component (AddParameter): Name = "Octopart"; Value = "https://octopart.com/tsw-108-08-g-s-samtec-272653"; VariantName = "[No Variations]"
Add component (AddParameter): Name = "Package"; Value = "TSW-108-08-G-S"; VariantName = "[No Variations]"
Add component (AddParameter): Name = "Pitch"; Value = "2.54mm"; VariantName = "[No Variations]"
Add component (AddParameter): Name = "RoHS"; Value = "TRUE"; VariantName = "[No Variations]"
Add component (AddParameter): Name = "Temperature"; Value = "-55°C to +125°C"; VariantName = "[No Variations]"
Add component (AddParameter): Name = "Temperature Range High"; Value = "+125°C"; VariantName = "[No Variations]"
Add component (AddParameter): Name = "Temperature Range Low"; Value = "-55°C"; VariantName = "[No Variations]"
Added Component: Designator=LED?(0603_A)
Add component (AddParameter): Name = "Color"; Value = "Red"; VariantName = "[No Variations]"
Add component (AddParameter): Name = "ComponentLink1Description"; Value = "Manufacturer URL"; VariantName = "[No Variations]"
Add component (AddParameter): Name = "ComponentLink1URL"; Value = "http://www.we-online.com"; VariantName = "[No Variations]"
Add component (AddParameter): Name = "ComponentLink2Description"; Value = "Datasheet"; VariantName = "[No Variations]"
Add component (AddParameter): Name = "ComponentLink2URL"; Value = "http://katalog.we-online.com/led/datasheet/150060RS75000.pdf"; VariantName = "[No Variations]"
Add component (AddParameter): Name = "Manufacturer"; Value = "Wuerth Elektronik"; VariantName = "[No Variations]"
Add component (AddParameter): Name = "PackageReference"; Value = "0603_A"; VariantName = "[No Variations]"
Add component (AddParameter): Name = "PartNumber"; Value = "150060RS75000"; VariantName = "[No Variations]"
Added Component: Designator=R1(FP-RNCP1206-IPC_B)
Add component (AddParameter): Name = "Case Code (Imperial)"; Value = "1206"; VariantName = "[No Variations]"
Add component (AddParameter): Name = "Case Code (Metric)"; Value = "3216"; VariantName = "[No Variations]"
Add component (AddParameter): Name = "Case/Package"; Value = "1206"; VariantName = "[No Variations]"
Add component (AddParameter): Name = "Features"; Value = "Moisture Resistant"; VariantName = "[No Variations]"
Add component (AddParameter): Name = "Height"; Value = "0.024inch"; VariantName = "[No Variations]"
Add component (AddParameter): Name = "Lead Free"; Value = "Lead Free"; VariantName = "[No Variations]"
Add component (AddParameter): Name = "Length"; Value = "0.122inch"; VariantName = "[No Variations]"
Add component (AddParameter): Name = "Max Operating Temperature"; Value = "155°C"; VariantName = "[No Variations]"
Add component (AddParameter): Name = "Max Power Dissipation"; Value = "500mW"; VariantName = "[No Variations]"
Add component (AddParameter): Name = "Min Operating Temperature"; Value = "-55°C"; VariantName = "[No Variations]"
Add component (AddParameter): Name = "Mount"; Value = "Surface Mount"; VariantName = "[No Variations]"
Add component (AddParameter): Name = "Number of Terminations"; Value = "2"; VariantName = "[No Variations]"
Add component (AddParameter): Name = "Packaging"; Value = "Tape and Reel"; VariantName = "[No Variations]"
Add component (AddParameter): Name = "Resistance"; Value = "200R"; VariantName = "[No Variations]"
Add component (AddParameter): Name = "Resistor Type"; Value = "Thin Film"; VariantName = "[No Variations]"
Add component (AddParameter): Name = "RoHS Compliant"; Value = "Yes"; VariantName = "[No Variations]"
Add component (AddParameter): Name = "Series"; Value = "RNCP"; VariantName = "[No Variations]"
Add component (AddParameter): Name = "Temperature Coefficient"; Value = "100ppm/°C"; VariantName = "[No Variations]"
Add component (AddParameter): Name = "Tolerance"; Value = "1%"; VariantName = "[No Variations]"
Add component (AddParameter): Name = "Width"; Value = "0.059inch"; VariantName = "[No Variations]"
Added Component: Designator=R2(FP-RNCP1206-IPC_B)
Add component (AddParameter): Name = "Case Code (Imperial)"; Value = "1206"; VariantName = "[No Variations]"
Add component (AddParameter): Name = "Case Code (Metric)"; Value = "3216"; VariantName = "[No Variations]"
Add component (AddParameter): Name = "Case/Package"; Value = "1206"; VariantName = "[No Variations]"
Add component (AddParameter): Name = "Features"; Value = "Moisture Resistant"; VariantName = "[No Variations]"
Add component (AddParameter): Name = "Height"; Value = "0.024inch"; VariantName = "[No Variations]"
Add component (AddParameter): Name = "Lead Free"; Value = "Lead Free"; VariantName = "[No Variations]"
Add component (AddParameter): Name = "Length"; Value = "0.122inch"; VariantName = "[No Variations]"
Add component (AddParameter): Name = "Max Operating Temperature"; Value = "155°C"; VariantName = "[No Variations]"
Add component (AddParameter): Name = "Max Power Dissipation"; Value = "500mW"; VariantName = "[No Variations]"
Add component (AddParameter): Name = "Min Operating Temperature"; Value = "-55°C"; VariantName = "[No Variations]"
Add component (AddParameter): Name = "Mount"; Value = "Surface Mount"; VariantName = "[No Variations]"
Add component (AddParameter): Name = "Number of Terminations"; Value = "2"; VariantName = "[No Variations]"
Add component (AddParameter): Name = "Packaging"; Value = "Tape and Reel"; VariantName = "[No Variations]"
Add component (AddParameter): Name = "Resistance"; Value = "200R"; VariantName = "[No Variations]"
Add component (AddParameter): Name = "Resistor Type"; Value = "Thin Film"; VariantName = "[No Variations]"
Add component (AddParameter): Name = "RoHS Compliant"; Value = "Yes"; VariantName = "[No Variations]"
Add component (AddParameter): Name = "Series"; Value = "RNCP"; VariantName = "[No Variations]"
Add component (AddParameter): Name = "Temperature Coefficient"; Value = "100ppm/°C"; VariantName = "[No Variations]"
Add component (AddParameter): Name = "Tolerance"; Value = "1%"; VariantName = "[No Variations]"
Add component (AddParameter): Name = "Width"; Value = "0.059inch"; VariantName = "[No Variations]"
Added Component: Designator=R3(FP-RNCP1206-IPC_B)
Add component (AddParameter): Name = "Case Code (Imperial)"; Value = "1206"; VariantName = "[No Variations]"
Add component (AddParameter): Name = "Case Code (Metric)"; Value = "3216"; VariantName = "[No Variations]"
Add component (AddParameter): Name = "Case/Package"; Value = "1206"; VariantName = "[No Variations]"
Add component (AddParameter): Name = "Features"; Value = "Moisture Resistant"; VariantName = "[No Variations]"
Add component (AddParameter): Name = "Height"; Value = "0.024inch"; VariantName = "[No Variations]"
Add component (AddParameter): Name = "Lead Free"; Value = "Lead Free"; VariantName = "[No Variations]"
Add component (AddParameter): Name = "Length"; Value = "0.122inch"; VariantName = "[No Variations]"
Add component (AddParameter): Name = "Max Operating Temperature"; Value = "155°C"; VariantName = "[No Variations]"
Add component (AddParameter): Name = "Max Power Dissipation"; Value = "500mW"; VariantName = "[No Variations]"
Add component (AddParameter): Name = "Min Operating Temperature"; Value = "-55°C"; VariantName = "[No Variations]"
Add component (AddParameter): Name = "Mount"; Value = "Surface Mount"; VariantName = "[No Variations]"
Add component (AddParameter): Name = "Number of Terminations"; Value = "2"; VariantName = "[No Variations]"
Add component (AddParameter): Name = "Packaging"; Value = "Tape and Reel"; VariantName = "[No Variations]"
Add component (AddParameter): Name = "Resistance"; Value = "200R"; VariantName = "[No Variations]"
Add component (AddParameter): Name = "Resistor Type"; Value = "Thin Film"; VariantName = "[No Variations]"
Add component (AddParameter): Name = "RoHS Compliant"; Value = "Yes"; VariantName = "[No Variations]"
Add component (AddParameter): Name = "Series"; Value = "RNCP"; VariantName = "[No Variations]"
Add component (AddParameter): Name = "Temperature Coefficient"; Value = "100ppm/°C"; VariantName = "[No Variations]"
Add component (AddParameter): Name = "Tolerance"; Value = "1%"; VariantName = "[No Variations]"
Add component (AddParameter): Name = "Width"; Value = "0.059inch"; VariantName = "[No Variations]"
Added Component: Designator=R4(FP-RNCP1206-IPC_B)
Add component (AddParameter): Name = "Case Code (Imperial)"; Value = "1206"; VariantName = "[No Variations]"
Add component (AddParameter): Name = "Case Code (Metric)"; Value = "3216"; VariantName = "[No Variations]"
Add component (AddParameter): Name = "Case/Package"; Value = "1206"; VariantName = "[No Variations]"
Add component (AddParameter): Name = "Features"; Value = "Moisture Resistant"; VariantName = "[No Variations]"
Add component (AddParameter): Name = "Height"; Value = "0.024inch"; VariantName = "[No Variations]"
Add component (AddParameter): Name = "Lead Free"; Value = "Lead Free"; VariantName = "[No Variations]"
Add component (AddParameter): Name = "Length"; Value = "0.122inch"; VariantName = "[No Variations]"
Add component (AddParameter): Name = "Max Operating Temperature"; Value = "155°C"; VariantName = "[No Variations]"
Add component (AddParameter): Name = "Max Power Dissipation"; Value = "500mW"; VariantName = "[No Variations]"
Add component (AddParameter): Name = "Min Operating Temperature"; Value = "-55°C"; VariantName = "[No Variations]"
Add component (AddParameter): Name = "Mount"; Value = "Surface Mount"; VariantName = "[No Variations]"
Add component (AddParameter): Name = "Number of Terminations"; Value = "2"; VariantName = "[No Variations]"
Add component (AddParameter): Name = "Packaging"; Value = "Tape and Reel"; VariantName = "[No Variations]"
Add component (AddParameter): Name = "Resistance"; Value = "200R"; VariantName = "[No Variations]"
Add component (AddParameter): Name = "Resistor Type"; Value = "Thin Film"; VariantName = "[No Variations]"
Add component (AddParameter): Name = "RoHS Compliant"; Value = "Yes"; VariantName = "[No Variations]"
Add component (AddParameter): Name = "Series"; Value = "RNCP"; VariantName = "[No Variations]"
Add component (AddParameter): Name = "Temperature Coefficient"; Value = "100ppm/°C"; VariantName = "[No Variations]"
Add component (AddParameter): Name = "Tolerance"; Value = "1%"; VariantName = "[No Variations]"
Add component (AddParameter): Name = "Width"; Value = "0.059inch"; VariantName = "[No Variations]"
Added Component: Designator=R5(FP-SR1206-MFG)
Add component (AddParameter): Name = "Automotive"; Value = "Yes"; VariantName = "[No Variations]"
Add component (AddParameter): Name = "Automotive Grade"; Value = "Grade 0"; VariantName = "[No Variations]"
Add component (AddParameter): Name = "Category"; Value = "Res"; VariantName = "[No Variations]"
Add component (AddParameter): Name = "ComponentLink2Description"; Value = "Datasheet"; VariantName = "[No Variations]"
Add component (AddParameter): Name = "ComponentLink2URL"; Value = "http://www.yageo.com/documents/recent/PYu-SR_D_F%20tol_RoHS_L_3.pdf"; VariantName = "[No Variations]"
Add component (AddParameter): Name = "Composition"; Value = "Thick Film"; VariantName = "[No Variations]"
Add component (AddParameter): Name = "Device Class L1"; Value = "Passive Components"; VariantName = "[No Variations]"
Add component (AddParameter): Name = "Device Class L2"; Value = "Resistors"; VariantName = "[No Variations]"
Add component (AddParameter): Name = "Device Class L3"; Value = "Chip SMD Resistors"; VariantName = "[No Variations]"
Add component (AddParameter): Name = "Digikey Description"; Value = "RES 22 OHM 1% 1/2W 1206"; VariantName = "[No Variations]"
Add component (AddParameter): Name = "Footprint Url"; Value = "http://www.yageo.com/exep/pages/download/literatures/PYu-R_Mount_10.pdf"; VariantName = "[No Variations]"
Add component (AddParameter): Name = "Height"; Value = "0.65mm"; VariantName = "[No Variations]"
Add component (AddParameter): Name = "Ipc Land Pattern Name"; Value = "RESC310160X55"; VariantName = "[No Variations]"
Add component (AddParameter): Name = "Lead Free"; Value = "Yes"; VariantName = "[No Variations]"
Add component (AddParameter): Name = "Manufacturer"; Value = "Yageo"; VariantName = "[No Variations]"
Add component (AddParameter): Name = "Manufacturer Part Number"; Value = "SR1206FR-7W22RL"; VariantName = "[No Variations]"
Add component (AddParameter): Name = "Octopart"; Value = "https://octopart.com/sr1206fr-7w22rl-yageo-92673882"; VariantName = "[No Variations]"
Add component (AddParameter): Name = "Package"; Value = "SR1206"; VariantName = "[No Variations]"
Add component (AddParameter): Name = "Power Rating"; Value = "0.5W"; VariantName = "[No Variations]"
Add component (AddParameter): Name = "Resistance"; Value = "22O"; VariantName = "[No Variations]"
Add component (AddParameter): Name = "RoHS"; Value = "TRUE"; VariantName = "[No Variations]"
Add component (AddParameter): Name = "Series"; Value = "SR"; VariantName = "[No Variations]"
Add component (AddParameter): Name = "Temperature"; Value = "-55°C to +155°C"; VariantName = "[No Variations]"
Add component (AddParameter): Name = "Temperature Range High"; Value = "+155°C"; VariantName = "[No Variations]"
Add component (AddParameter): Name = "Temperature Range Low"; Value = "-55°C"; VariantName = "[No Variations]"
Add component (AddParameter): Name = "Tolerance"; Value = "0.01"; VariantName = "[No Variations]"
Add component (AddParameter): Name = "Value"; Value = "22O"; VariantName = "[No Variations]"
Add component (AddParameter): Name = "Voltage Rating"; Value = "200V"; VariantName = "[No Variations]"
Added Component: Designator=R6(FP-SR1206-MFG)
Add component (AddParameter): Name = "Automotive"; Value = "Yes"; VariantName = "[No Variations]"
Add component (AddParameter): Name = "Automotive Grade"; Value = "Grade 0"; VariantName = "[No Variations]"
Add component (AddParameter): Name = "Category"; Value = "Res"; VariantName = "[No Variations]"
Add component (AddParameter): Name = "ComponentLink2Description"; Value = "Datasheet"; VariantName = "[No Variations]"
Add component (AddParameter): Name = "ComponentLink2URL"; Value = "http://www.yageo.com/documents/recent/PYu-SR_D_F%20tol_RoHS_L_3.pdf"; VariantName = "[No Variations]"
Add component (AddParameter): Name = "Composition"; Value = "Thick Film"; VariantName = "[No Variations]"
Add component (AddParameter): Name = "Device Class L1"; Value = "Passive Components"; VariantName = "[No Variations]"
Add component (AddParameter): Name = "Device Class L2"; Value = "Resistors"; VariantName = "[No Variations]"
Add component (AddParameter): Name = "Device Class L3"; Value = "Chip SMD Resistors"; VariantName = "[No Variations]"
Add component (AddParameter): Name = "Digikey Description"; Value = "RES 22 OHM 1% 1/2W 1206"; VariantName = "[No Variations]"
Add component (AddParameter): Name = "Footprint Url"; Value = "http://www.yageo.com/exep/pages/download/literatures/PYu-R_Mount_10.pdf"; VariantName = "[No Variations]"
Add component (AddParameter): Name = "Height"; Value = "0.65mm"; VariantName = "[No Variations]"
Add component (AddParameter): Name = "Ipc Land Pattern Name"; Value = "RESC310160X55"; VariantName = "[No Variations]"
Add component (AddParameter): Name = "Lead Free"; Value = "Yes"; VariantName = "[No Variations]"
Add component (AddParameter): Name = "Manufacturer"; Value = "Yageo"; VariantName = "[No Variations]"
Add component (AddParameter): Name = "Manufacturer Part Number"; Value = "SR1206FR-7W22RL"; VariantName = "[No Variations]"
Add component (AddParameter): Name = "Octopart"; Value = "https://octopart.com/sr1206fr-7w22rl-yageo-92673882"; VariantName = "[No Variations]"
Add component (AddParameter): Name = "Package"; Value = "SR1206"; VariantName = "[No Variations]"
Add component (AddParameter): Name = "Power Rating"; Value = "0.5W"; VariantName = "[No Variations]"
Add component (AddParameter): Name = "Resistance"; Value = "22O"; VariantName = "[No Variations]"
Add component (AddParameter): Name = "RoHS"; Value = "TRUE"; VariantName = "[No Variations]"
Add component (AddParameter): Name = "Series"; Value = "SR"; VariantName = "[No Variations]"
Add component (AddParameter): Name = "Temperature"; Value = "-55°C to +155°C"; VariantName = "[No Variations]"
Add component (AddParameter): Name = "Temperature Range High"; Value = "+155°C"; VariantName = "[No Variations]"
Add component (AddParameter): Name = "Temperature Range Low"; Value = "-55°C"; VariantName = "[No Variations]"
Add component (AddParameter): Name = "Tolerance"; Value = "0.01"; VariantName = "[No Variations]"
Add component (AddParameter): Name = "Value"; Value = "22O"; VariantName = "[No Variations]"
Add component (AddParameter): Name = "Voltage Rating"; Value = "200V"; VariantName = "[No Variations]"
Added Component: Designator=R7(FP-SR1206-MFG)
Add component (AddParameter): Name = "Automotive"; Value = "Yes"; VariantName = "[No Variations]"
Add component (AddParameter): Name = "Automotive Grade"; Value = "Grade 0"; VariantName = "[No Variations]"
Add component (AddParameter): Name = "Category"; Value = "Res"; VariantName = "[No Variations]"
Add component (AddParameter): Name = "ComponentLink2Description"; Value = "Datasheet"; VariantName = "[No Variations]"
Add component (AddParameter): Name = "ComponentLink2URL"; Value = "http://www.yageo.com/documents/recent/PYu-SR_D_F%20tol_RoHS_L_3.pdf"; VariantName = "[No Variations]"
Add component (AddParameter): Name = "Composition"; Value = "Thick Film"; VariantName = "[No Variations]"
Add component (AddParameter): Name = "Device Class L1"; Value = "Passive Components"; VariantName = "[No Variations]"
Add component (AddParameter): Name = "Device Class L2"; Value = "Resistors"; VariantName = "[No Variations]"
Add component (AddParameter): Name = "Device Class L3"; Value = "Chip SMD Resistors"; VariantName = "[No Variations]"
Add component (AddParameter): Name = "Digikey Description"; Value = "RES 22 OHM 1% 1/2W 1206"; VariantName = "[No Variations]"
Add component (AddParameter): Name = "Footprint Url"; Value = "http://www.yageo.com/exep/pages/download/literatures/PYu-R_Mount_10.pdf"; VariantName = "[No Variations]"
Add component (AddParameter): Name = "Height"; Value = "0.65mm"; VariantName = "[No Variations]"
Add component (AddParameter): Name = "Ipc Land Pattern Name"; Value = "RESC310160X55"; VariantName = "[No Variations]"
Add component (AddParameter): Name = "Lead Free"; Value = "Yes"; VariantName = "[No Variations]"
Add component (AddParameter): Name = "Manufacturer"; Value = "Yageo"; VariantName = "[No Variations]"
Add component (AddParameter): Name = "Manufacturer Part Number"; Value = "SR1206FR-7W22RL"; VariantName = "[No Variations]"
Add component (AddParameter): Name = "Octopart"; Value = "https://octopart.com/sr1206fr-7w22rl-yageo-92673882"; VariantName = "[No Variations]"
Add component (AddParameter): Name = "Package"; Value = "SR1206"; VariantName = "[No Variations]"
Add component (AddParameter): Name = "Power Rating"; Value = "0.5W"; VariantName = "[No Variations]"
Add component (AddParameter): Name = "Resistance"; Value = "22O"; VariantName = "[No Variations]"
Add component (AddParameter): Name = "RoHS"; Value = "TRUE"; VariantName = "[No Variations]"
Add component (AddParameter): Name = "Series"; Value = "SR"; VariantName = "[No Variations]"
Add component (AddParameter): Name = "Temperature"; Value = "-55°C to +155°C"; VariantName = "[No Variations]"
Add component (AddParameter): Name = "Temperature Range High"; Value = "+155°C"; VariantName = "[No Variations]"
Add component (AddParameter): Name = "Temperature Range Low"; Value = "-55°C"; VariantName = "[No Variations]"
Add component (AddParameter): Name = "Tolerance"; Value = "0.01"; VariantName = "[No Variations]"
Add component (AddParameter): Name = "Value"; Value = "22O"; VariantName = "[No Variations]"
Add component (AddParameter): Name = "Voltage Rating"; Value = "200V"; VariantName = "[No Variations]"
Added Component: Designator=R8(FP-SR1206-MFG)
Add component (AddParameter): Name = "Automotive"; Value = "Yes"; VariantName = "[No Variations]"
Add component (AddParameter): Name = "Automotive Grade"; Value = "Grade 0"; VariantName = "[No Variations]"
Add component (AddParameter): Name = "Category"; Value = "Res"; VariantName = "[No Variations]"
Add component (AddParameter): Name = "ComponentLink2Description"; Value = "Datasheet"; VariantName = "[No Variations]"
Add component (AddParameter): Name = "ComponentLink2URL"; Value = "http://www.yageo.com/documents/recent/PYu-SR_D_F%20tol_RoHS_L_3.pdf"; VariantName = "[No Variations]"
Add component (AddParameter): Name = "Composition"; Value = "Thick Film"; VariantName = "[No Variations]"
Add component (AddParameter): Name = "Device Class L1"; Value = "Passive Components"; VariantName = "[No Variations]"
Add component (AddParameter): Name = "Device Class L2"; Value = "Resistors"; VariantName = "[No Variations]"
Add component (AddParameter): Name = "Device Class L3"; Value = "Chip SMD Resistors"; VariantName = "[No Variations]"
Add component (AddParameter): Name = "Digikey Description"; Value = "RES 22 OHM 1% 1/2W 1206"; VariantName = "[No Variations]"
Add component (AddParameter): Name = "Footprint Url"; Value = "http://www.yageo.com/exep/pages/download/literatures/PYu-R_Mount_10.pdf"; VariantName = "[No Variations]"
Add component (AddParameter): Name = "Height"; Value = "0.65mm"; VariantName = "[No Variations]"
Add component (AddParameter): Name = "Ipc Land Pattern Name"; Value = "RESC310160X55"; VariantName = "[No Variations]"
Add component (AddParameter): Name = "Lead Free"; Value = "Yes"; VariantName = "[No Variations]"
Add component (AddParameter): Name = "Manufacturer"; Value = "Yageo"; VariantName = "[No Variations]"
Add component (AddParameter): Name = "Manufacturer Part Number"; Value = "SR1206FR-7W22RL"; VariantName = "[No Variations]"
Add component (AddParameter): Name = "Octopart"; Value = "https://octopart.com/sr1206fr-7w22rl-yageo-92673882"; VariantName = "[No Variations]"
Add component (AddParameter): Name = "Package"; Value = "SR1206"; VariantName = "[No Variations]"
Add component (AddParameter): Name = "Power Rating"; Value = "0.5W"; VariantName = "[No Variations]"
Add component (AddParameter): Name = "Resistance"; Value = "22O"; VariantName = "[No Variations]"
Add component (AddParameter): Name = "RoHS"; Value = "TRUE"; VariantName = "[No Variations]"
Add component (AddParameter): Name = "Series"; Value = "SR"; VariantName = "[No Variations]"
Add component (AddParameter): Name = "Temperature"; Value = "-55°C to +155°C"; VariantName = "[No Variations]"
Add component (AddParameter): Name = "Temperature Range High"; Value = "+155°C"; VariantName = "[No Variations]"
Add component (AddParameter): Name = "Temperature Range Low"; Value = "-55°C"; VariantName = "[No Variations]"
Add component (AddParameter): Name = "Tolerance"; Value = "0.01"; VariantName = "[No Variations]"
Add component (AddParameter): Name = "Value"; Value = "22O"; VariantName = "[No Variations]"
Add component (AddParameter): Name = "Voltage Rating"; Value = "200V"; VariantName = "[No Variations]"
Added Component: Designator=R9(FP-RMCF1206-IPC_A)
Add component (AddParameter): Name = "Case Code (Imperial)"; Value = "1206"; VariantName = "[No Variations]"
Add component (AddParameter): Name = "Case Code (Metric)"; Value = "3216"; VariantName = "[No Variations]"
Add component (AddParameter): Name = "Case/Package"; Value = "1206"; VariantName = "[No Variations]"
Add component (AddParameter): Name = "Contact Plating"; Value = "Tin"; VariantName = "[No Variations]"
Add component (AddParameter): Name = "Features"; Value = "Automotive AEC-Q200"; VariantName = "[No Variations]"
Add component (AddParameter): Name = "Height"; Value = "0.028inch"; VariantName = "[No Variations]"
Add component (AddParameter): Name = "Length"; Value = "0.126inch"; VariantName = "[No Variations]"
Add component (AddParameter): Name = "Max Operating Temperature"; Value = "155°C"; VariantName = "[No Variations]"
Add component (AddParameter): Name = "Max Power Dissipation"; Value = "250mW"; VariantName = "[No Variations]"
Add component (AddParameter): Name = "Min Operating Temperature"; Value = "-55°C"; VariantName = "[No Variations]"
Add component (AddParameter): Name = "Mount"; Value = "Surface Mount"; VariantName = "[No Variations]"
Add component (AddParameter): Name = "Number of Terminations"; Value = "2"; VariantName = "[No Variations]"
Add component (AddParameter): Name = "Package Quantity"; Value = "10000"; VariantName = "[No Variations]"
Add component (AddParameter): Name = "Packaging"; Value = "Tape and Reel"; VariantName = "[No Variations]"
Add component (AddParameter): Name = "Radiation Hardening"; Value = "No"; VariantName = "[No Variations]"
Add component (AddParameter): Name = "Resistance"; Value = "220R"; VariantName = "[No Variations]"
Add component (AddParameter): Name = "Resistor Type"; Value = "Thick Film"; VariantName = "[No Variations]"
Add component (AddParameter): Name = "RoHS Compliant"; Value = "Yes"; VariantName = "[No Variations]"
Add component (AddParameter): Name = "Series"; Value = "RMCF"; VariantName = "[No Variations]"
Add component (AddParameter): Name = "Temperature Coefficient"; Value = "200ppm/°C"; VariantName = "[No Variations]"
Add component (AddParameter): Name = "Tolerance"; Value = "5%"; VariantName = "[No Variations]"
Add component (AddParameter): Name = "Width"; Value = "0.063inch"; VariantName = "[No Variations]"
Added Component: Designator=R10(FP-RMCF1206-IPC_A)
Add component (AddParameter): Name = "Case Code (Imperial)"; Value = "1206"; VariantName = "[No Variations]"
Add component (AddParameter): Name = "Case Code (Metric)"; Value = "3216"; VariantName = "[No Variations]"
Add component (AddParameter): Name = "Case/Package"; Value = "1206"; VariantName = "[No Variations]"
Add component (AddParameter): Name = "Contact Plating"; Value = "Tin"; VariantName = "[No Variations]"
Add component (AddParameter): Name = "Features"; Value = "Automotive AEC-Q200"; VariantName = "[No Variations]"
Add component (AddParameter): Name = "Height"; Value = "0.028inch"; VariantName = "[No Variations]"
Add component (AddParameter): Name = "Length"; Value = "0.126inch"; VariantName = "[No Variations]"
Add component (AddParameter): Name = "Max Operating Temperature"; Value = "155°C"; VariantName = "[No Variations]"
Add component (AddParameter): Name = "Max Power Dissipation"; Value = "250mW"; VariantName = "[No Variations]"
Add component (AddParameter): Name = "Min Operating Temperature"; Value = "-55°C"; VariantName = "[No Variations]"
Add component (AddParameter): Name = "Mount"; Value = "Surface Mount"; VariantName = "[No Variations]"
Add component (AddParameter): Name = "Number of Terminations"; Value = "2"; VariantName = "[No Variations]"
Add component (AddParameter): Name = "Package Quantity"; Value = "10000"; VariantName = "[No Variations]"
Add component (AddParameter): Name = "Packaging"; Value = "Tape and Reel"; VariantName = "[No Variations]"
Add component (AddParameter): Name = "Radiation Hardening"; Value = "No"; VariantName = "[No Variations]"
Add component (AddParameter): Name = "Resistance"; Value = "220R"; VariantName = "[No Variations]"
Add component (AddParameter): Name = "Resistor Type"; Value = "Thick Film"; VariantName = "[No Variations]"
Add component (AddParameter): Name = "RoHS Compliant"; Value = "Yes"; VariantName = "[No Variations]"
Add component (AddParameter): Name = "Series"; Value = "RMCF"; VariantName = "[No Variations]"
Add component (AddParameter): Name = "Temperature Coefficient"; Value = "200ppm/°C"; VariantName = "[No Variations]"
Add component (AddParameter): Name = "Tolerance"; Value = "5%"; VariantName = "[No Variations]"
Add component (AddParameter): Name = "Width"; Value = "0.063inch"; VariantName = "[No Variations]"
Added Component: Designator=R11(FP-RMCF1206-IPC_A)
Add component (AddParameter): Name = "Case Code (Imperial)"; Value = "1206"; VariantName = "[No Variations]"
Add component (AddParameter): Name = "Case Code (Metric)"; Value = "3216"; VariantName = "[No Variations]"
Add component (AddParameter): Name = "Case/Package"; Value = "1206"; VariantName = "[No Variations]"
Add component (AddParameter): Name = "Contact Plating"; Value = "Tin"; VariantName = "[No Variations]"
Add component (AddParameter): Name = "Features"; Value = "Automotive AEC-Q200"; VariantName = "[No Variations]"
Add component (AddParameter): Name = "Height"; Value = "0.028inch"; VariantName = "[No Variations]"
Add component (AddParameter): Name = "Length"; Value = "0.126inch"; VariantName = "[No Variations]"
Add component (AddParameter): Name = "Max Operating Temperature"; Value = "155°C"; VariantName = "[No Variations]"
Add component (AddParameter): Name = "Max Power Dissipation"; Value = "250mW"; VariantName = "[No Variations]"
Add component (AddParameter): Name = "Min Operating Temperature"; Value = "-55°C"; VariantName = "[No Variations]"
Add component (AddParameter): Name = "Mount"; Value = "Surface Mount"; VariantName = "[No Variations]"
Add component (AddParameter): Name = "Number of Terminations"; Value = "2"; VariantName = "[No Variations]"
Add component (AddParameter): Name = "Package Quantity"; Value = "10000"; VariantName = "[No Variations]"
Add component (AddParameter): Name = "Packaging"; Value = "Tape and Reel"; VariantName = "[No Variations]"
Add component (AddParameter): Name = "Radiation Hardening"; Value = "No"; VariantName = "[No Variations]"
Add component (AddParameter): Name = "Resistance"; Value = "220R"; VariantName = "[No Variations]"
Add component (AddParameter): Name = "Resistor Type"; Value = "Thick Film"; VariantName = "[No Variations]"
Add component (AddParameter): Name = "RoHS Compliant"; Value = "Yes"; VariantName = "[No Variations]"
Add component (AddParameter): Name = "Series"; Value = "RMCF"; VariantName = "[No Variations]"
Add component (AddParameter): Name = "Temperature Coefficient"; Value = "200ppm/°C"; VariantName = "[No Variations]"
Add component (AddParameter): Name = "Tolerance"; Value = "5%"; VariantName = "[No Variations]"
Add component (AddParameter): Name = "Width"; Value = "0.063inch"; VariantName = "[No Variations]"
Added Component: Designator=R12(FP-RMCF1206-IPC_A)
Add component (AddParameter): Name = "Case Code (Imperial)"; Value = "1206"; VariantName = "[No Variations]"
Add component (AddParameter): Name = "Case Code (Metric)"; Value = "3216"; VariantName = "[No Variations]"
Add component (AddParameter): Name = "Case/Package"; Value = "1206"; VariantName = "[No Variations]"
Add component (AddParameter): Name = "Contact Plating"; Value = "Tin"; VariantName = "[No Variations]"
Add component (AddParameter): Name = "Features"; Value = "Automotive AEC-Q200"; VariantName = "[No Variations]"
Add component (AddParameter): Name = "Height"; Value = "0.028inch"; VariantName = "[No Variations]"
Add component (AddParameter): Name = "Length"; Value = "0.126inch"; VariantName = "[No Variations]"
Add component (AddParameter): Name = "Max Operating Temperature"; Value = "155°C"; VariantName = "[No Variations]"
Add component (AddParameter): Name = "Max Power Dissipation"; Value = "250mW"; VariantName = "[No Variations]"
Add component (AddParameter): Name = "Min Operating Temperature"; Value = "-55°C"; VariantName = "[No Variations]"
Add component (AddParameter): Name = "Mount"; Value = "Surface Mount"; VariantName = "[No Variations]"
Add component (AddParameter): Name = "Number of Terminations"; Value = "2"; VariantName = "[No Variations]"
Add component (AddParameter): Name = "Package Quantity"; Value = "10000"; VariantName = "[No Variations]"
Add component (AddParameter): Name = "Packaging"; Value = "Tape and Reel"; VariantName = "[No Variations]"
Add component (AddParameter): Name = "Radiation Hardening"; Value = "No"; VariantName = "[No Variations]"
Add component (AddParameter): Name = "Resistance"; Value = "220R"; VariantName = "[No Variations]"
Add component (AddParameter): Name = "Resistor Type"; Value = "Thick Film"; VariantName = "[No Variations]"
Add component (AddParameter): Name = "RoHS Compliant"; Value = "Yes"; VariantName = "[No Variations]"
Add component (AddParameter): Name = "Series"; Value = "RMCF"; VariantName = "[No Variations]"
Add component (AddParameter): Name = "Temperature Coefficient"; Value = "200ppm/°C"; VariantName = "[No Variations]"
Add component (AddParameter): Name = "Tolerance"; Value = "5%"; VariantName = "[No Variations]"
Add component (AddParameter): Name = "Width"; Value = "0.063inch"; VariantName = "[No Variations]"
Added Component: Designator=R13(FP-RNCP1206-IPC_B)
Add component (AddParameter): Name = "Case Code (Imperial)"; Value = "1206"; VariantName = "[No Variations]"
Add component (AddParameter): Name = "Case Code (Metric)"; Value = "3216"; VariantName = "[No Variations]"
Add component (AddParameter): Name = "Case/Package"; Value = "1206"; VariantName = "[No Variations]"
Add component (AddParameter): Name = "Features"; Value = "Moisture Resistant"; VariantName = "[No Variations]"
Add component (AddParameter): Name = "Height"; Value = "0.024inch"; VariantName = "[No Variations]"
Add component (AddParameter): Name = "Lead Free"; Value = "Lead Free"; VariantName = "[No Variations]"
Add component (AddParameter): Name = "Length"; Value = "0.122inch"; VariantName = "[No Variations]"
Add component (AddParameter): Name = "Max Operating Temperature"; Value = "155°C"; VariantName = "[No Variations]"
Add component (AddParameter): Name = "Max Power Dissipation"; Value = "500mW"; VariantName = "[No Variations]"
Add component (AddParameter): Name = "Min Operating Temperature"; Value = "-55°C"; VariantName = "[No Variations]"
Add component (AddParameter): Name = "Mount"; Value = "Surface Mount"; VariantName = "[No Variations]"
Add component (AddParameter): Name = "Number of Terminations"; Value = "2"; VariantName = "[No Variations]"
Add component (AddParameter): Name = "Packaging"; Value = "Tape and Reel"; VariantName = "[No Variations]"
Add component (AddParameter): Name = "Resistance"; Value = "200R"; VariantName = "[No Variations]"
Add component (AddParameter): Name = "Resistor Type"; Value = "Thin Film"; VariantName = "[No Variations]"
Add component (AddParameter): Name = "RoHS Compliant"; Value = "Yes"; VariantName = "[No Variations]"
Add component (AddParameter): Name = "Series"; Value = "RNCP"; VariantName = "[No Variations]"
Add component (AddParameter): Name = "Temperature Coefficient"; Value = "100ppm/°C"; VariantName = "[No Variations]"
Add component (AddParameter): Name = "Tolerance"; Value = "1%"; VariantName = "[No Variations]"
Add component (AddParameter): Name = "Width"; Value = "0.059inch"; VariantName = "[No Variations]"
Added Component: Designator=R14(FP-RNCP1206-IPC_B)
Add component (AddParameter): Name = "Case Code (Imperial)"; Value = "1206"; VariantName = "[No Variations]"
Add component (AddParameter): Name = "Case Code (Metric)"; Value = "3216"; VariantName = "[No Variations]"
Add component (AddParameter): Name = "Case/Package"; Value = "1206"; VariantName = "[No Variations]"
Add component (AddParameter): Name = "Features"; Value = "Moisture Resistant"; VariantName = "[No Variations]"
Add component (AddParameter): Name = "Height"; Value = "0.024inch"; VariantName = "[No Variations]"
Add component (AddParameter): Name = "Lead Free"; Value = "Lead Free"; VariantName = "[No Variations]"
Add component (AddParameter): Name = "Length"; Value = "0.122inch"; VariantName = "[No Variations]"
Add component (AddParameter): Name = "Max Operating Temperature"; Value = "155°C"; VariantName = "[No Variations]"
Add component (AddParameter): Name = "Max Power Dissipation"; Value = "500mW"; VariantName = "[No Variations]"
Add component (AddParameter): Name = "Min Operating Temperature"; Value = "-55°C"; VariantName = "[No Variations]"
Add component (AddParameter): Name = "Mount"; Value = "Surface Mount"; VariantName = "[No Variations]"
Add component (AddParameter): Name = "Number of Terminations"; Value = "2"; VariantName = "[No Variations]"
Add component (AddParameter): Name = "Packaging"; Value = "Tape and Reel"; VariantName = "[No Variations]"
Add component (AddParameter): Name = "Resistance"; Value = "200R"; VariantName = "[No Variations]"
Add component (AddParameter): Name = "Resistor Type"; Value = "Thin Film"; VariantName = "[No Variations]"
Add component (AddParameter): Name = "RoHS Compliant"; Value = "Yes"; VariantName = "[No Variations]"
Add component (AddParameter): Name = "Series"; Value = "RNCP"; VariantName = "[No Variations]"
Add component (AddParameter): Name = "Temperature Coefficient"; Value = "100ppm/°C"; VariantName = "[No Variations]"
Add component (AddParameter): Name = "Tolerance"; Value = "1%"; VariantName = "[No Variations]"
Add component (AddParameter): Name = "Width"; Value = "0.059inch"; VariantName = "[No Variations]"
Added Component: Designator=R15(FP-RNCP1206-IPC_B)
Add component (AddParameter): Name = "Case Code (Imperial)"; Value = "1206"; VariantName = "[No Variations]"
Add component (AddParameter): Name = "Case Code (Metric)"; Value = "3216"; VariantName = "[No Variations]"
Add component (AddParameter): Name = "Case/Package"; Value = "1206"; VariantName = "[No Variations]"
Add component (AddParameter): Name = "Features"; Value = "Moisture Resistant"; VariantName = "[No Variations]"
Add component (AddParameter): Name = "Height"; Value = "0.024inch"; VariantName = "[No Variations]"
Add component (AddParameter): Name = "Lead Free"; Value = "Lead Free"; VariantName = "[No Variations]"
Add component (AddParameter): Name = "Length"; Value = "0.122inch"; VariantName = "[No Variations]"
Add component (AddParameter): Name = "Max Operating Temperature"; Value = "155°C"; VariantName = "[No Variations]"
Add component (AddParameter): Name = "Max Power Dissipation"; Value = "500mW"; VariantName = "[No Variations]"
Add component (AddParameter): Name = "Min Operating Temperature"; Value = "-55°C"; VariantName = "[No Variations]"
Add component (AddParameter): Name = "Mount"; Value = "Surface Mount"; VariantName = "[No Variations]"
Add component (AddParameter): Name = "Number of Terminations"; Value = "2"; VariantName = "[No Variations]"
Add component (AddParameter): Name = "Packaging"; Value = "Tape and Reel"; VariantName = "[No Variations]"
Add component (AddParameter): Name = "Resistance"; Value = "200R"; VariantName = "[No Variations]"
Add component (AddParameter): Name = "Resistor Type"; Value = "Thin Film"; VariantName = "[No Variations]"
Add component (AddParameter): Name = "RoHS Compliant"; Value = "Yes"; VariantName = "[No Variations]"
Add component (AddParameter): Name = "Series"; Value = "RNCP"; VariantName = "[No Variations]"
Add component (AddParameter): Name = "Temperature Coefficient"; Value = "100ppm/°C"; VariantName = "[No Variations]"
Add component (AddParameter): Name = "Tolerance"; Value = "1%"; VariantName = "[No Variations]"
Add component (AddParameter): Name = "Width"; Value = "0.059inch"; VariantName = "[No Variations]"
Added Component: Designator=R16(FP-RNCP1206-IPC_B)
Add component (AddParameter): Name = "Case Code (Imperial)"; Value = "1206"; VariantName = "[No Variations]"
Add component (AddParameter): Name = "Case Code (Metric)"; Value = "3216"; VariantName = "[No Variations]"
Add component (AddParameter): Name = "Case/Package"; Value = "1206"; VariantName = "[No Variations]"
Add component (AddParameter): Name = "Features"; Value = "Moisture Resistant"; VariantName = "[No Variations]"
Add component (AddParameter): Name = "Height"; Value = "0.024inch"; VariantName = "[No Variations]"
Add component (AddParameter): Name = "Lead Free"; Value = "Lead Free"; VariantName = "[No Variations]"
Add component (AddParameter): Name = "Length"; Value = "0.122inch"; VariantName = "[No Variations]"
Add component (AddParameter): Name = "Max Operating Temperature"; Value = "155°C"; VariantName = "[No Variations]"
Add component (AddParameter): Name = "Max Power Dissipation"; Value = "500mW"; VariantName = "[No Variations]"
Add component (AddParameter): Name = "Min Operating Temperature"; Value = "-55°C"; VariantName = "[No Variations]"
Add component (AddParameter): Name = "Mount"; Value = "Surface Mount"; VariantName = "[No Variations]"
Add component (AddParameter): Name = "Number of Terminations"; Value = "2"; VariantName = "[No Variations]"
Add component (AddParameter): Name = "Packaging"; Value = "Tape and Reel"; VariantName = "[No Variations]"
Add component (AddParameter): Name = "Resistance"; Value = "200R"; VariantName = "[No Variations]"
Add component (AddParameter): Name = "Resistor Type"; Value = "Thin Film"; VariantName = "[No Variations]"
Add component (AddParameter): Name = "RoHS Compliant"; Value = "Yes"; VariantName = "[No Variations]"
Add component (AddParameter): Name = "Series"; Value = "RNCP"; VariantName = "[No Variations]"
Add component (AddParameter): Name = "Temperature Coefficient"; Value = "100ppm/°C"; VariantName = "[No Variations]"
Add component (AddParameter): Name = "Tolerance"; Value = "1%"; VariantName = "[No Variations]"
Add component (AddParameter): Name = "Width"; Value = "0.059inch"; VariantName = "[No Variations]"
Added Component: Designator=R17(FP-SR1206-MFG)
Add component (AddParameter): Name = "Automotive"; Value = "Yes"; VariantName = "[No Variations]"
Add component (AddParameter): Name = "Automotive Grade"; Value = "Grade 0"; VariantName = "[No Variations]"
Add component (AddParameter): Name = "Category"; Value = "Res"; VariantName = "[No Variations]"
Add component (AddParameter): Name = "ComponentLink2Description"; Value = "Datasheet"; VariantName = "[No Variations]"
Add component (AddParameter): Name = "ComponentLink2URL"; Value = "http://www.yageo.com/documents/recent/PYu-SR_D_F%20tol_RoHS_L_3.pdf"; VariantName = "[No Variations]"
Add component (AddParameter): Name = "Composition"; Value = "Thick Film"; VariantName = "[No Variations]"
Add component (AddParameter): Name = "Device Class L1"; Value = "Passive Components"; VariantName = "[No Variations]"
Add component (AddParameter): Name = "Device Class L2"; Value = "Resistors"; VariantName = "[No Variations]"
Add component (AddParameter): Name = "Device Class L3"; Value = "Chip SMD Resistors"; VariantName = "[No Variations]"
Add component (AddParameter): Name = "Digikey Description"; Value = "RES 22 OHM 1% 1/2W 1206"; VariantName = "[No Variations]"
Add component (AddParameter): Name = "Footprint Url"; Value = "http://www.yageo.com/exep/pages/download/literatures/PYu-R_Mount_10.pdf"; VariantName = "[No Variations]"
Add component (AddParameter): Name = "Height"; Value = "0.65mm"; VariantName = "[No Variations]"
Add component (AddParameter): Name = "Ipc Land Pattern Name"; Value = "RESC310160X55"; VariantName = "[No Variations]"
Add component (AddParameter): Name = "Lead Free"; Value = "Yes"; VariantName = "[No Variations]"
Add component (AddParameter): Name = "Manufacturer"; Value = "Yageo"; VariantName = "[No Variations]"
Add component (AddParameter): Name = "Manufacturer Part Number"; Value = "SR1206FR-7W22RL"; VariantName = "[No Variations]"
Add component (AddParameter): Name = "Octopart"; Value = "https://octopart.com/sr1206fr-7w22rl-yageo-92673882"; VariantName = "[No Variations]"
Add component (AddParameter): Name = "Package"; Value = "SR1206"; VariantName = "[No Variations]"
Add component (AddParameter): Name = "Power Rating"; Value = "0.5W"; VariantName = "[No Variations]"
Add component (AddParameter): Name = "Resistance"; Value = "22O"; VariantName = "[No Variations]"
Add component (AddParameter): Name = "RoHS"; Value = "TRUE"; VariantName = "[No Variations]"
Add component (AddParameter): Name = "Series"; Value = "SR"; VariantName = "[No Variations]"
Add component (AddParameter): Name = "Temperature"; Value = "-55°C to +155°C"; VariantName = "[No Variations]"
Add component (AddParameter): Name = "Temperature Range High"; Value = "+155°C"; VariantName = "[No Variations]"
Add component (AddParameter): Name = "Temperature Range Low"; Value = "-55°C"; VariantName = "[No Variations]"
Add component (AddParameter): Name = "Tolerance"; Value = "0.01"; VariantName = "[No Variations]"
Add component (AddParameter): Name = "Value"; Value = "22O"; VariantName = "[No Variations]"
Add component (AddParameter): Name = "Voltage Rating"; Value = "200V"; VariantName = "[No Variations]"
Added Component: Designator=R18(FP-SR1206-MFG)
Add component (AddParameter): Name = "Automotive"; Value = "Yes"; VariantName = "[No Variations]"
Add component (AddParameter): Name = "Automotive Grade"; Value = "Grade 0"; VariantName = "[No Variations]"
Add component (AddParameter): Name = "Category"; Value = "Res"; VariantName = "[No Variations]"
Add component (AddParameter): Name = "ComponentLink2Description"; Value = "Datasheet"; VariantName = "[No Variations]"
Add component (AddParameter): Name = "ComponentLink2URL"; Value = "http://www.yageo.com/documents/recent/PYu-SR_D_F%20tol_RoHS_L_3.pdf"; VariantName = "[No Variations]"
Add component (AddParameter): Name = "Composition"; Value = "Thick Film"; VariantName = "[No Variations]"
Add component (AddParameter): Name = "Device Class L1"; Value = "Passive Components"; VariantName = "[No Variations]"
Add component (AddParameter): Name = "Device Class L2"; Value = "Resistors"; VariantName = "[No Variations]"
Add component (AddParameter): Name = "Device Class L3"; Value = "Chip SMD Resistors"; VariantName = "[No Variations]"
Add component (AddParameter): Name = "Digikey Description"; Value = "RES 22 OHM 1% 1/2W 1206"; VariantName = "[No Variations]"
Add component (AddParameter): Name = "Footprint Url"; Value = "http://www.yageo.com/exep/pages/download/literatures/PYu-R_Mount_10.pdf"; VariantName = "[No Variations]"
Add component (AddParameter): Name = "Height"; Value = "0.65mm"; VariantName = "[No Variations]"
Add component (AddParameter): Name = "Ipc Land Pattern Name"; Value = "RESC310160X55"; VariantName = "[No Variations]"
Add component (AddParameter): Name = "Lead Free"; Value = "Yes"; VariantName = "[No Variations]"
Add component (AddParameter): Name = "Manufacturer"; Value = "Yageo"; VariantName = "[No Variations]"
Add component (AddParameter): Name = "Manufacturer Part Number"; Value = "SR1206FR-7W22RL"; VariantName = "[No Variations]"
Add component (AddParameter): Name = "Octopart"; Value = "https://octopart.com/sr1206fr-7w22rl-yageo-92673882"; VariantName = "[No Variations]"
Add component (AddParameter): Name = "Package"; Value = "SR1206"; VariantName = "[No Variations]"
Add component (AddParameter): Name = "Power Rating"; Value = "0.5W"; VariantName = "[No Variations]"
Add component (AddParameter): Name = "Resistance"; Value = "22O"; VariantName = "[No Variations]"
Add component (AddParameter): Name = "RoHS"; Value = "TRUE"; VariantName = "[No Variations]"
Add component (AddParameter): Name = "Series"; Value = "SR"; VariantName = "[No Variations]"
Add component (AddParameter): Name = "Temperature"; Value = "-55°C to +155°C"; VariantName = "[No Variations]"
Add component (AddParameter): Name = "Temperature Range High"; Value = "+155°C"; VariantName = "[No Variations]"
Add component (AddParameter): Name = "Temperature Range Low"; Value = "-55°C"; VariantName = "[No Variations]"
Add component (AddParameter): Name = "Tolerance"; Value = "0.01"; VariantName = "[No Variations]"
Add component (AddParameter): Name = "Value"; Value = "22O"; VariantName = "[No Variations]"
Add component (AddParameter): Name = "Voltage Rating"; Value = "200V"; VariantName = "[No Variations]"
Added Component: Designator=R19(FP-SR1206-MFG)
Add component (AddParameter): Name = "Automotive"; Value = "Yes"; VariantName = "[No Variations]"
Add component (AddParameter): Name = "Automotive Grade"; Value = "Grade 0"; VariantName = "[No Variations]"
Add component (AddParameter): Name = "Category"; Value = "Res"; VariantName = "[No Variations]"
Add component (AddParameter): Name = "ComponentLink2Description"; Value = "Datasheet"; VariantName = "[No Variations]"
Add component (AddParameter): Name = "ComponentLink2URL"; Value = "http://www.yageo.com/documents/recent/PYu-SR_D_F%20tol_RoHS_L_3.pdf"; VariantName = "[No Variations]"
Add component (AddParameter): Name = "Composition"; Value = "Thick Film"; VariantName = "[No Variations]"
Add component (AddParameter): Name = "Device Class L1"; Value = "Passive Components"; VariantName = "[No Variations]"
Add component (AddParameter): Name = "Device Class L2"; Value = "Resistors"; VariantName = "[No Variations]"
Add component (AddParameter): Name = "Device Class L3"; Value = "Chip SMD Resistors"; VariantName = "[No Variations]"
Add component (AddParameter): Name = "Digikey Description"; Value = "RES 22 OHM 1% 1/2W 1206"; VariantName = "[No Variations]"
Add component (AddParameter): Name = "Footprint Url"; Value = "http://www.yageo.com/exep/pages/download/literatures/PYu-R_Mount_10.pdf"; VariantName = "[No Variations]"
Add component (AddParameter): Name = "Height"; Value = "0.65mm"; VariantName = "[No Variations]"
Add component (AddParameter): Name = "Ipc Land Pattern Name"; Value = "RESC310160X55"; VariantName = "[No Variations]"
Add component (AddParameter): Name = "Lead Free"; Value = "Yes"; VariantName = "[No Variations]"
Add component (AddParameter): Name = "Manufacturer"; Value = "Yageo"; VariantName = "[No Variations]"
Add component (AddParameter): Name = "Manufacturer Part Number"; Value = "SR1206FR-7W22RL"; VariantName = "[No Variations]"
Add component (AddParameter): Name = "Octopart"; Value = "https://octopart.com/sr1206fr-7w22rl-yageo-92673882"; VariantName = "[No Variations]"
Add component (AddParameter): Name = "Package"; Value = "SR1206"; VariantName = "[No Variations]"
Add component (AddParameter): Name = "Power Rating"; Value = "0.5W"; VariantName = "[No Variations]"
Add component (AddParameter): Name = "Resistance"; Value = "22O"; VariantName = "[No Variations]"
Add component (AddParameter): Name = "RoHS"; Value = "TRUE"; VariantName = "[No Variations]"
Add component (AddParameter): Name = "Series"; Value = "SR"; VariantName = "[No Variations]"
Add component (AddParameter): Name = "Temperature"; Value = "-55°C to +155°C"; VariantName = "[No Variations]"
Add component (AddParameter): Name = "Temperature Range High"; Value = "+155°C"; VariantName = "[No Variations]"
Add component (AddParameter): Name = "Temperature Range Low"; Value = "-55°C"; VariantName = "[No Variations]"
Add component (AddParameter): Name = "Tolerance"; Value = "0.01"; VariantName = "[No Variations]"
Add component (AddParameter): Name = "Value"; Value = "22O"; VariantName = "[No Variations]"
Add component (AddParameter): Name = "Voltage Rating"; Value = "200V"; VariantName = "[No Variations]"
Added Component: Designator=R20(FP-SR1206-MFG)
Add component (AddParameter): Name = "Automotive"; Value = "Yes"; VariantName = "[No Variations]"
Add component (AddParameter): Name = "Automotive Grade"; Value = "Grade 0"; VariantName = "[No Variations]"
Add component (AddParameter): Name = "Category"; Value = "Res"; VariantName = "[No Variations]"
Add component (AddParameter): Name = "ComponentLink2Description"; Value = "Datasheet"; VariantName = "[No Variations]"
Add component (AddParameter): Name = "ComponentLink2URL"; Value = "http://www.yageo.com/documents/recent/PYu-SR_D_F%20tol_RoHS_L_3.pdf"; VariantName = "[No Variations]"
Add component (AddParameter): Name = "Composition"; Value = "Thick Film"; VariantName = "[No Variations]"
Add component (AddParameter): Name = "Device Class L1"; Value = "Passive Components"; VariantName = "[No Variations]"
Add component (AddParameter): Name = "Device Class L2"; Value = "Resistors"; VariantName = "[No Variations]"
Add component (AddParameter): Name = "Device Class L3"; Value = "Chip SMD Resistors"; VariantName = "[No Variations]"
Add component (AddParameter): Name = "Digikey Description"; Value = "RES 22 OHM 1% 1/2W 1206"; VariantName = "[No Variations]"
Add component (AddParameter): Name = "Footprint Url"; Value = "http://www.yageo.com/exep/pages/download/literatures/PYu-R_Mount_10.pdf"; VariantName = "[No Variations]"
Add component (AddParameter): Name = "Height"; Value = "0.65mm"; VariantName = "[No Variations]"
Add component (AddParameter): Name = "Ipc Land Pattern Name"; Value = "RESC310160X55"; VariantName = "[No Variations]"
Add component (AddParameter): Name = "Lead Free"; Value = "Yes"; VariantName = "[No Variations]"
Add component (AddParameter): Name = "Manufacturer"; Value = "Yageo"; VariantName = "[No Variations]"
Add component (AddParameter): Name = "Manufacturer Part Number"; Value = "SR1206FR-7W22RL"; VariantName = "[No Variations]"
Add component (AddParameter): Name = "Octopart"; Value = "https://octopart.com/sr1206fr-7w22rl-yageo-92673882"; VariantName = "[No Variations]"
Add component (AddParameter): Name = "Package"; Value = "SR1206"; VariantName = "[No Variations]"
Add component (AddParameter): Name = "Power Rating"; Value = "0.5W"; VariantName = "[No Variations]"
Add component (AddParameter): Name = "Resistance"; Value = "22O"; VariantName = "[No Variations]"
Add component (AddParameter): Name = "RoHS"; Value = "TRUE"; VariantName = "[No Variations]"
Add component (AddParameter): Name = "Series"; Value = "SR"; VariantName = "[No Variations]"
Add component (AddParameter): Name = "Temperature"; Value = "-55°C to +155°C"; VariantName = "[No Variations]"
Add component (AddParameter): Name = "Temperature Range High"; Value = "+155°C"; VariantName = "[No Variations]"
Add component (AddParameter): Name = "Temperature Range Low"; Value = "-55°C"; VariantName = "[No Variations]"
Add component (AddParameter): Name = "Tolerance"; Value = "0.01"; VariantName = "[No Variations]"
Add component (AddParameter): Name = "Value"; Value = "22O"; VariantName = "[No Variations]"
Add component (AddParameter): Name = "Voltage Rating"; Value = "200V"; VariantName = "[No Variations]"
Added Component: Designator=R21(FP-RMCF1206-IPC_A)
Add component (AddParameter): Name = "Case Code (Imperial)"; Value = "1206"; VariantName = "[No Variations]"
Add component (AddParameter): Name = "Case Code (Metric)"; Value = "3216"; VariantName = "[No Variations]"
Add component (AddParameter): Name = "Case/Package"; Value = "1206"; VariantName = "[No Variations]"
Add component (AddParameter): Name = "Contact Plating"; Value = "Tin"; VariantName = "[No Variations]"
Add component (AddParameter): Name = "Features"; Value = "Automotive AEC-Q200"; VariantName = "[No Variations]"
Add component (AddParameter): Name = "Height"; Value = "0.028inch"; VariantName = "[No Variations]"
Add component (AddParameter): Name = "Length"; Value = "0.126inch"; VariantName = "[No Variations]"
Add component (AddParameter): Name = "Max Operating Temperature"; Value = "155°C"; VariantName = "[No Variations]"
Add component (AddParameter): Name = "Max Power Dissipation"; Value = "250mW"; VariantName = "[No Variations]"
Add component (AddParameter): Name = "Min Operating Temperature"; Value = "-55°C"; VariantName = "[No Variations]"
Add component (AddParameter): Name = "Mount"; Value = "Surface Mount"; VariantName = "[No Variations]"
Add component (AddParameter): Name = "Number of Terminations"; Value = "2"; VariantName = "[No Variations]"
Add component (AddParameter): Name = "Package Quantity"; Value = "10000"; VariantName = "[No Variations]"
Add component (AddParameter): Name = "Packaging"; Value = "Tape and Reel"; VariantName = "[No Variations]"
Add component (AddParameter): Name = "Radiation Hardening"; Value = "No"; VariantName = "[No Variations]"
Add component (AddParameter): Name = "Resistance"; Value = "220R"; VariantName = "[No Variations]"
Add component (AddParameter): Name = "Resistor Type"; Value = "Thick Film"; VariantName = "[No Variations]"
Add component (AddParameter): Name = "RoHS Compliant"; Value = "Yes"; VariantName = "[No Variations]"
Add component (AddParameter): Name = "Series"; Value = "RMCF"; VariantName = "[No Variations]"
Add component (AddParameter): Name = "Temperature Coefficient"; Value = "200ppm/°C"; VariantName = "[No Variations]"
Add component (AddParameter): Name = "Tolerance"; Value = "5%"; VariantName = "[No Variations]"
Add component (AddParameter): Name = "Width"; Value = "0.063inch"; VariantName = "[No Variations]"
Added Component: Designator=R22(FP-RMCF1206-IPC_A)
Add component (AddParameter): Name = "Case Code (Imperial)"; Value = "1206"; VariantName = "[No Variations]"
Add component (AddParameter): Name = "Case Code (Metric)"; Value = "3216"; VariantName = "[No Variations]"
Add component (AddParameter): Name = "Case/Package"; Value = "1206"; VariantName = "[No Variations]"
Add component (AddParameter): Name = "Contact Plating"; Value = "Tin"; VariantName = "[No Variations]"
Add component (AddParameter): Name = "Features"; Value = "Automotive AEC-Q200"; VariantName = "[No Variations]"
Add component (AddParameter): Name = "Height"; Value = "0.028inch"; VariantName = "[No Variations]"
Add component (AddParameter): Name = "Length"; Value = "0.126inch"; VariantName = "[No Variations]"
Add component (AddParameter): Name = "Max Operating Temperature"; Value = "155°C"; VariantName = "[No Variations]"
Add component (AddParameter): Name = "Max Power Dissipation"; Value = "250mW"; VariantName = "[No Variations]"
Add component (AddParameter): Name = "Min Operating Temperature"; Value = "-55°C"; VariantName = "[No Variations]"
Add component (AddParameter): Name = "Mount"; Value = "Surface Mount"; VariantName = "[No Variations]"
Add component (AddParameter): Name = "Number of Terminations"; Value = "2"; VariantName = "[No Variations]"
Add component (AddParameter): Name = "Package Quantity"; Value = "10000"; VariantName = "[No Variations]"
Add component (AddParameter): Name = "Packaging"; Value = "Tape and Reel"; VariantName = "[No Variations]"
Add component (AddParameter): Name = "Radiation Hardening"; Value = "No"; VariantName = "[No Variations]"
Add component (AddParameter): Name = "Resistance"; Value = "220R"; VariantName = "[No Variations]"
Add component (AddParameter): Name = "Resistor Type"; Value = "Thick Film"; VariantName = "[No Variations]"
Add component (AddParameter): Name = "RoHS Compliant"; Value = "Yes"; VariantName = "[No Variations]"
Add component (AddParameter): Name = "Series"; Value = "RMCF"; VariantName = "[No Variations]"
Add component (AddParameter): Name = "Temperature Coefficient"; Value = "200ppm/°C"; VariantName = "[No Variations]"
Add component (AddParameter): Name = "Tolerance"; Value = "5%"; VariantName = "[No Variations]"
Add component (AddParameter): Name = "Width"; Value = "0.063inch"; VariantName = "[No Variations]"
Added Component: Designator=R23(FP-RMCF1206-IPC_A)
Add component (AddParameter): Name = "Case Code (Imperial)"; Value = "1206"; VariantName = "[No Variations]"
Add component (AddParameter): Name = "Case Code (Metric)"; Value = "3216"; VariantName = "[No Variations]"
Add component (AddParameter): Name = "Case/Package"; Value = "1206"; VariantName = "[No Variations]"
Add component (AddParameter): Name = "Contact Plating"; Value = "Tin"; VariantName = "[No Variations]"
Add component (AddParameter): Name = "Features"; Value = "Automotive AEC-Q200"; VariantName = "[No Variations]"
Add component (AddParameter): Name = "Height"; Value = "0.028inch"; VariantName = "[No Variations]"
Add component (AddParameter): Name = "Length"; Value = "0.126inch"; VariantName = "[No Variations]"
Add component (AddParameter): Name = "Max Operating Temperature"; Value = "155°C"; VariantName = "[No Variations]"
Add component (AddParameter): Name = "Max Power Dissipation"; Value = "250mW"; VariantName = "[No Variations]"
Add component (AddParameter): Name = "Min Operating Temperature"; Value = "-55°C"; VariantName = "[No Variations]"
Add component (AddParameter): Name = "Mount"; Value = "Surface Mount"; VariantName = "[No Variations]"
Add component (AddParameter): Name = "Number of Terminations"; Value = "2"; VariantName = "[No Variations]"
Add component (AddParameter): Name = "Package Quantity"; Value = "10000"; VariantName = "[No Variations]"
Add component (AddParameter): Name = "Packaging"; Value = "Tape and Reel"; VariantName = "[No Variations]"
Add component (AddParameter): Name = "Radiation Hardening"; Value = "No"; VariantName = "[No Variations]"
Add component (AddParameter): Name = "Resistance"; Value = "220R"; VariantName = "[No Variations]"
Add component (AddParameter): Name = "Resistor Type"; Value = "Thick Film"; VariantName = "[No Variations]"
Add component (AddParameter): Name = "RoHS Compliant"; Value = "Yes"; VariantName = "[No Variations]"
Add component (AddParameter): Name = "Series"; Value = "RMCF"; VariantName = "[No Variations]"
Add component (AddParameter): Name = "Temperature Coefficient"; Value = "200ppm/°C"; VariantName = "[No Variations]"
Add component (AddParameter): Name = "Tolerance"; Value = "5%"; VariantName = "[No Variations]"
Add component (AddParameter): Name = "Width"; Value = "0.063inch"; VariantName = "[No Variations]"
Added Component: Designator=R24(FP-RMCF1206-IPC_A)
Add component (AddParameter): Name = "Case Code (Imperial)"; Value = "1206"; VariantName = "[No Variations]"
Add component (AddParameter): Name = "Case Code (Metric)"; Value = "3216"; VariantName = "[No Variations]"
Add component (AddParameter): Name = "Case/Package"; Value = "1206"; VariantName = "[No Variations]"
Add component (AddParameter): Name = "Contact Plating"; Value = "Tin"; VariantName = "[No Variations]"
Add component (AddParameter): Name = "Features"; Value = "Automotive AEC-Q200"; VariantName = "[No Variations]"
Add component (AddParameter): Name = "Height"; Value = "0.028inch"; VariantName = "[No Variations]"
Add component (AddParameter): Name = "Length"; Value = "0.126inch"; VariantName = "[No Variations]"
Add component (AddParameter): Name = "Max Operating Temperature"; Value = "155°C"; VariantName = "[No Variations]"
Add component (AddParameter): Name = "Max Power Dissipation"; Value = "250mW"; VariantName = "[No Variations]"
Add component (AddParameter): Name = "Min Operating Temperature"; Value = "-55°C"; VariantName = "[No Variations]"
Add component (AddParameter): Name = "Mount"; Value = "Surface Mount"; VariantName = "[No Variations]"
Add component (AddParameter): Name = "Number of Terminations"; Value = "2"; VariantName = "[No Variations]"
Add component (AddParameter): Name = "Package Quantity"; Value = "10000"; VariantName = "[No Variations]"
Add component (AddParameter): Name = "Packaging"; Value = "Tape and Reel"; VariantName = "[No Variations]"
Add component (AddParameter): Name = "Radiation Hardening"; Value = "No"; VariantName = "[No Variations]"
Add component (AddParameter): Name = "Resistance"; Value = "220R"; VariantName = "[No Variations]"
Add component (AddParameter): Name = "Resistor Type"; Value = "Thick Film"; VariantName = "[No Variations]"
Add component (AddParameter): Name = "RoHS Compliant"; Value = "Yes"; VariantName = "[No Variations]"
Add component (AddParameter): Name = "Series"; Value = "RMCF"; VariantName = "[No Variations]"
Add component (AddParameter): Name = "Temperature Coefficient"; Value = "200ppm/°C"; VariantName = "[No Variations]"
Add component (AddParameter): Name = "Tolerance"; Value = "5%"; VariantName = "[No Variations]"
Add component (AddParameter): Name = "Width"; Value = "0.063inch"; VariantName = "[No Variations]"
Added Component: Designator=R25(FP-RNCP1206-IPC_B)
Add component (AddParameter): Name = "Case Code (Imperial)"; Value = "1206"; VariantName = "[No Variations]"
Add component (AddParameter): Name = "Case Code (Metric)"; Value = "3216"; VariantName = "[No Variations]"
Add component (AddParameter): Name = "Case/Package"; Value = "1206"; VariantName = "[No Variations]"
Add component (AddParameter): Name = "Features"; Value = "Moisture Resistant"; VariantName = "[No Variations]"
Add component (AddParameter): Name = "Height"; Value = "0.024inch"; VariantName = "[No Variations]"
Add component (AddParameter): Name = "Lead Free"; Value = "Lead Free"; VariantName = "[No Variations]"
Add component (AddParameter): Name = "Length"; Value = "0.122inch"; VariantName = "[No Variations]"
Add component (AddParameter): Name = "Max Operating Temperature"; Value = "155°C"; VariantName = "[No Variations]"
Add component (AddParameter): Name = "Max Power Dissipation"; Value = "500mW"; VariantName = "[No Variations]"
Add component (AddParameter): Name = "Min Operating Temperature"; Value = "-55°C"; VariantName = "[No Variations]"
Add component (AddParameter): Name = "Mount"; Value = "Surface Mount"; VariantName = "[No Variations]"
Add component (AddParameter): Name = "Number of Terminations"; Value = "2"; VariantName = "[No Variations]"
Add component (AddParameter): Name = "Packaging"; Value = "Tape and Reel"; VariantName = "[No Variations]"
Add component (AddParameter): Name = "Resistance"; Value = "200R"; VariantName = "[No Variations]"
Add component (AddParameter): Name = "Resistor Type"; Value = "Thin Film"; VariantName = "[No Variations]"
Add component (AddParameter): Name = "RoHS Compliant"; Value = "Yes"; VariantName = "[No Variations]"
Add component (AddParameter): Name = "Series"; Value = "RNCP"; VariantName = "[No Variations]"
Add component (AddParameter): Name = "Temperature Coefficient"; Value = "100ppm/°C"; VariantName = "[No Variations]"
Add component (AddParameter): Name = "Tolerance"; Value = "1%"; VariantName = "[No Variations]"
Add component (AddParameter): Name = "Width"; Value = "0.059inch"; VariantName = "[No Variations]"
Added Component: Designator=R26(FP-RNCP1206-IPC_B)
Add component (AddParameter): Name = "Case Code (Imperial)"; Value = "1206"; VariantName = "[No Variations]"
Add component (AddParameter): Name = "Case Code (Metric)"; Value = "3216"; VariantName = "[No Variations]"
Add component (AddParameter): Name = "Case/Package"; Value = "1206"; VariantName = "[No Variations]"
Add component (AddParameter): Name = "Features"; Value = "Moisture Resistant"; VariantName = "[No Variations]"
Add component (AddParameter): Name = "Height"; Value = "0.024inch"; VariantName = "[No Variations]"
Add component (AddParameter): Name = "Lead Free"; Value = "Lead Free"; VariantName = "[No Variations]"
Add component (AddParameter): Name = "Length"; Value = "0.122inch"; VariantName = "[No Variations]"
Add component (AddParameter): Name = "Max Operating Temperature"; Value = "155°C"; VariantName = "[No Variations]"
Add component (AddParameter): Name = "Max Power Dissipation"; Value = "500mW"; VariantName = "[No Variations]"
Add component (AddParameter): Name = "Min Operating Temperature"; Value = "-55°C"; VariantName = "[No Variations]"
Add component (AddParameter): Name = "Mount"; Value = "Surface Mount"; VariantName = "[No Variations]"
Add component (AddParameter): Name = "Number of Terminations"; Value = "2"; VariantName = "[No Variations]"
Add component (AddParameter): Name = "Packaging"; Value = "Tape and Reel"; VariantName = "[No Variations]"
Add component (AddParameter): Name = "Resistance"; Value = "200R"; VariantName = "[No Variations]"
Add component (AddParameter): Name = "Resistor Type"; Value = "Thin Film"; VariantName = "[No Variations]"
Add component (AddParameter): Name = "RoHS Compliant"; Value = "Yes"; VariantName = "[No Variations]"
Add component (AddParameter): Name = "Series"; Value = "RNCP"; VariantName = "[No Variations]"
Add component (AddParameter): Name = "Temperature Coefficient"; Value = "100ppm/°C"; VariantName = "[No Variations]"
Add component (AddParameter): Name = "Tolerance"; Value = "1%"; VariantName = "[No Variations]"
Add component (AddParameter): Name = "Width"; Value = "0.059inch"; VariantName = "[No Variations]"
Added Component: Designator=R27(FP-RNCP1206-IPC_B)
Add component (AddParameter): Name = "Case Code (Imperial)"; Value = "1206"; VariantName = "[No Variations]"
Add component (AddParameter): Name = "Case Code (Metric)"; Value = "3216"; VariantName = "[No Variations]"
Add component (AddParameter): Name = "Case/Package"; Value = "1206"; VariantName = "[No Variations]"
Add component (AddParameter): Name = "Features"; Value = "Moisture Resistant"; VariantName = "[No Variations]"
Add component (AddParameter): Name = "Height"; Value = "0.024inch"; VariantName = "[No Variations]"
Add component (AddParameter): Name = "Lead Free"; Value = "Lead Free"; VariantName = "[No Variations]"
Add component (AddParameter): Name = "Length"; Value = "0.122inch"; VariantName = "[No Variations]"
Add component (AddParameter): Name = "Max Operating Temperature"; Value = "155°C"; VariantName = "[No Variations]"
Add component (AddParameter): Name = "Max Power Dissipation"; Value = "500mW"; VariantName = "[No Variations]"
Add component (AddParameter): Name = "Min Operating Temperature"; Value = "-55°C"; VariantName = "[No Variations]"
Add component (AddParameter): Name = "Mount"; Value = "Surface Mount"; VariantName = "[No Variations]"
Add component (AddParameter): Name = "Number of Terminations"; Value = "2"; VariantName = "[No Variations]"
Add component (AddParameter): Name = "Packaging"; Value = "Tape and Reel"; VariantName = "[No Variations]"
Add component (AddParameter): Name = "Resistance"; Value = "200R"; VariantName = "[No Variations]"
Add component (AddParameter): Name = "Resistor Type"; Value = "Thin Film"; VariantName = "[No Variations]"
Add component (AddParameter): Name = "RoHS Compliant"; Value = "Yes"; VariantName = "[No Variations]"
Add component (AddParameter): Name = "Series"; Value = "RNCP"; VariantName = "[No Variations]"
Add component (AddParameter): Name = "Temperature Coefficient"; Value = "100ppm/°C"; VariantName = "[No Variations]"
Add component (AddParameter): Name = "Tolerance"; Value = "1%"; VariantName = "[No Variations]"
Add component (AddParameter): Name = "Width"; Value = "0.059inch"; VariantName = "[No Variations]"
Added Component: Designator=R28(FP-SR1206-MFG)
Add component (AddParameter): Name = "Automotive"; Value = "Yes"; VariantName = "[No Variations]"
Add component (AddParameter): Name = "Automotive Grade"; Value = "Grade 0"; VariantName = "[No Variations]"
Add component (AddParameter): Name = "Category"; Value = "Res"; VariantName = "[No Variations]"
Add component (AddParameter): Name = "ComponentLink2Description"; Value = "Datasheet"; VariantName = "[No Variations]"
Add component (AddParameter): Name = "ComponentLink2URL"; Value = "http://www.yageo.com/documents/recent/PYu-SR_D_F%20tol_RoHS_L_3.pdf"; VariantName = "[No Variations]"
Add component (AddParameter): Name = "Composition"; Value = "Thick Film"; VariantName = "[No Variations]"
Add component (AddParameter): Name = "Device Class L1"; Value = "Passive Components"; VariantName = "[No Variations]"
Add component (AddParameter): Name = "Device Class L2"; Value = "Resistors"; VariantName = "[No Variations]"
Add component (AddParameter): Name = "Device Class L3"; Value = "Chip SMD Resistors"; VariantName = "[No Variations]"
Add component (AddParameter): Name = "Digikey Description"; Value = "RES 22 OHM 1% 1/2W 1206"; VariantName = "[No Variations]"
Add component (AddParameter): Name = "Footprint Url"; Value = "http://www.yageo.com/exep/pages/download/literatures/PYu-R_Mount_10.pdf"; VariantName = "[No Variations]"
Add component (AddParameter): Name = "Height"; Value = "0.65mm"; VariantName = "[No Variations]"
Add component (AddParameter): Name = "Ipc Land Pattern Name"; Value = "RESC310160X55"; VariantName = "[No Variations]"
Add component (AddParameter): Name = "Lead Free"; Value = "Yes"; VariantName = "[No Variations]"
Add component (AddParameter): Name = "Manufacturer"; Value = "Yageo"; VariantName = "[No Variations]"
Add component (AddParameter): Name = "Manufacturer Part Number"; Value = "SR1206FR-7W22RL"; VariantName = "[No Variations]"
Add component (AddParameter): Name = "Octopart"; Value = "https://octopart.com/sr1206fr-7w22rl-yageo-92673882"; VariantName = "[No Variations]"
Add component (AddParameter): Name = "Package"; Value = "SR1206"; VariantName = "[No Variations]"
Add component (AddParameter): Name = "Power Rating"; Value = "0.5W"; VariantName = "[No Variations]"
Add component (AddParameter): Name = "Resistance"; Value = "22O"; VariantName = "[No Variations]"
Add component (AddParameter): Name = "RoHS"; Value = "TRUE"; VariantName = "[No Variations]"
Add component (AddParameter): Name = "Series"; Value = "SR"; VariantName = "[No Variations]"
Add component (AddParameter): Name = "Temperature"; Value = "-55°C to +155°C"; VariantName = "[No Variations]"
Add component (AddParameter): Name = "Temperature Range High"; Value = "+155°C"; VariantName = "[No Variations]"
Add component (AddParameter): Name = "Temperature Range Low"; Value = "-55°C"; VariantName = "[No Variations]"
Add component (AddParameter): Name = "Tolerance"; Value = "0.01"; VariantName = "[No Variations]"
Add component (AddParameter): Name = "Value"; Value = "22O"; VariantName = "[No Variations]"
Add component (AddParameter): Name = "Voltage Rating"; Value = "200V"; VariantName = "[No Variations]"
Added Component: Designator=R29(FP-SR1206-MFG)
Add component (AddParameter): Name = "Automotive"; Value = "Yes"; VariantName = "[No Variations]"
Add component (AddParameter): Name = "Automotive Grade"; Value = "Grade 0"; VariantName = "[No Variations]"
Add component (AddParameter): Name = "Category"; Value = "Res"; VariantName = "[No Variations]"
Add component (AddParameter): Name = "ComponentLink2Description"; Value = "Datasheet"; VariantName = "[No Variations]"
Add component (AddParameter): Name = "ComponentLink2URL"; Value = "http://www.yageo.com/documents/recent/PYu-SR_D_F%20tol_RoHS_L_3.pdf"; VariantName = "[No Variations]"
Add component (AddParameter): Name = "Composition"; Value = "Thick Film"; VariantName = "[No Variations]"
Add component (AddParameter): Name = "Device Class L1"; Value = "Passive Components"; VariantName = "[No Variations]"
Add component (AddParameter): Name = "Device Class L2"; Value = "Resistors"; VariantName = "[No Variations]"
Add component (AddParameter): Name = "Device Class L3"; Value = "Chip SMD Resistors"; VariantName = "[No Variations]"
Add component (AddParameter): Name = "Digikey Description"; Value = "RES 22 OHM 1% 1/2W 1206"; VariantName = "[No Variations]"
Add component (AddParameter): Name = "Footprint Url"; Value = "http://www.yageo.com/exep/pages/download/literatures/PYu-R_Mount_10.pdf"; VariantName = "[No Variations]"
Add component (AddParameter): Name = "Height"; Value = "0.65mm"; VariantName = "[No Variations]"
Add component (AddParameter): Name = "Ipc Land Pattern Name"; Value = "RESC310160X55"; VariantName = "[No Variations]"
Add component (AddParameter): Name = "Lead Free"; Value = "Yes"; VariantName = "[No Variations]"
Add component (AddParameter): Name = "Manufacturer"; Value = "Yageo"; VariantName = "[No Variations]"
Add component (AddParameter): Name = "Manufacturer Part Number"; Value = "SR1206FR-7W22RL"; VariantName = "[No Variations]"
Add component (AddParameter): Name = "Octopart"; Value = "https://octopart.com/sr1206fr-7w22rl-yageo-92673882"; VariantName = "[No Variations]"
Add component (AddParameter): Name = "Package"; Value = "SR1206"; VariantName = "[No Variations]"
Add component (AddParameter): Name = "Power Rating"; Value = "0.5W"; VariantName = "[No Variations]"
Add component (AddParameter): Name = "Resistance"; Value = "22O"; VariantName = "[No Variations]"
Add component (AddParameter): Name = "RoHS"; Value = "TRUE"; VariantName = "[No Variations]"
Add component (AddParameter): Name = "Series"; Value = "SR"; VariantName = "[No Variations]"
Add component (AddParameter): Name = "Temperature"; Value = "-55°C to +155°C"; VariantName = "[No Variations]"
Add component (AddParameter): Name = "Temperature Range High"; Value = "+155°C"; VariantName = "[No Variations]"
Add component (AddParameter): Name = "Temperature Range Low"; Value = "-55°C"; VariantName = "[No Variations]"
Add component (AddParameter): Name = "Tolerance"; Value = "0.01"; VariantName = "[No Variations]"
Add component (AddParameter): Name = "Value"; Value = "22O"; VariantName = "[No Variations]"
Add component (AddParameter): Name = "Voltage Rating"; Value = "200V"; VariantName = "[No Variations]"
Added Component: Designator=R30(FP-SR1206-MFG)
Add component (AddParameter): Name = "Automotive"; Value = "Yes"; VariantName = "[No Variations]"
Add component (AddParameter): Name = "Automotive Grade"; Value = "Grade 0"; VariantName = "[No Variations]"
Add component (AddParameter): Name = "Category"; Value = "Res"; VariantName = "[No Variations]"
Add component (AddParameter): Name = "ComponentLink2Description"; Value = "Datasheet"; VariantName = "[No Variations]"
Add component (AddParameter): Name = "ComponentLink2URL"; Value = "http://www.yageo.com/documents/recent/PYu-SR_D_F%20tol_RoHS_L_3.pdf"; VariantName = "[No Variations]"
Add component (AddParameter): Name = "Composition"; Value = "Thick Film"; VariantName = "[No Variations]"
Add component (AddParameter): Name = "Device Class L1"; Value = "Passive Components"; VariantName = "[No Variations]"
Add component (AddParameter): Name = "Device Class L2"; Value = "Resistors"; VariantName = "[No Variations]"
Add component (AddParameter): Name = "Device Class L3"; Value = "Chip SMD Resistors"; VariantName = "[No Variations]"
Add component (AddParameter): Name = "Digikey Description"; Value = "RES 22 OHM 1% 1/2W 1206"; VariantName = "[No Variations]"
Add component (AddParameter): Name = "Footprint Url"; Value = "http://www.yageo.com/exep/pages/download/literatures/PYu-R_Mount_10.pdf"; VariantName = "[No Variations]"
Add component (AddParameter): Name = "Height"; Value = "0.65mm"; VariantName = "[No Variations]"
Add component (AddParameter): Name = "Ipc Land Pattern Name"; Value = "RESC310160X55"; VariantName = "[No Variations]"
Add component (AddParameter): Name = "Lead Free"; Value = "Yes"; VariantName = "[No Variations]"
Add component (AddParameter): Name = "Manufacturer"; Value = "Yageo"; VariantName = "[No Variations]"
Add component (AddParameter): Name = "Manufacturer Part Number"; Value = "SR1206FR-7W22RL"; VariantName = "[No Variations]"
Add component (AddParameter): Name = "Octopart"; Value = "https://octopart.com/sr1206fr-7w22rl-yageo-92673882"; VariantName = "[No Variations]"
Add component (AddParameter): Name = "Package"; Value = "SR1206"; VariantName = "[No Variations]"
Add component (AddParameter): Name = "Power Rating"; Value = "0.5W"; VariantName = "[No Variations]"
Add component (AddParameter): Name = "Resistance"; Value = "22O"; VariantName = "[No Variations]"
Add component (AddParameter): Name = "RoHS"; Value = "TRUE"; VariantName = "[No Variations]"
Add component (AddParameter): Name = "Series"; Value = "SR"; VariantName = "[No Variations]"
Add component (AddParameter): Name = "Temperature"; Value = "-55°C to +155°C"; VariantName = "[No Variations]"
Add component (AddParameter): Name = "Temperature Range High"; Value = "+155°C"; VariantName = "[No Variations]"
Add component (AddParameter): Name = "Temperature Range Low"; Value = "-55°C"; VariantName = "[No Variations]"
Add component (AddParameter): Name = "Tolerance"; Value = "0.01"; VariantName = "[No Variations]"
Add component (AddParameter): Name = "Value"; Value = "22O"; VariantName = "[No Variations]"
Add component (AddParameter): Name = "Voltage Rating"; Value = "200V"; VariantName = "[No Variations]"
Added Component: Designator=R31(FP-RMCF1206-IPC_A)
Add component (AddParameter): Name = "Case Code (Imperial)"; Value = "1206"; VariantName = "[No Variations]"
Add component (AddParameter): Name = "Case Code (Metric)"; Value = "3216"; VariantName = "[No Variations]"
Add component (AddParameter): Name = "Case/Package"; Value = "1206"; VariantName = "[No Variations]"
Add component (AddParameter): Name = "Contact Plating"; Value = "Tin"; VariantName = "[No Variations]"
Add component (AddParameter): Name = "Features"; Value = "Automotive AEC-Q200"; VariantName = "[No Variations]"
Add component (AddParameter): Name = "Height"; Value = "0.028inch"; VariantName = "[No Variations]"
Add component (AddParameter): Name = "Length"; Value = "0.126inch"; VariantName = "[No Variations]"
Add component (AddParameter): Name = "Max Operating Temperature"; Value = "155°C"; VariantName = "[No Variations]"
Add component (AddParameter): Name = "Max Power Dissipation"; Value = "250mW"; VariantName = "[No Variations]"
Add component (AddParameter): Name = "Min Operating Temperature"; Value = "-55°C"; VariantName = "[No Variations]"
Add component (AddParameter): Name = "Mount"; Value = "Surface Mount"; VariantName = "[No Variations]"
Add component (AddParameter): Name = "Number of Terminations"; Value = "2"; VariantName = "[No Variations]"
Add component (AddParameter): Name = "Package Quantity"; Value = "10000"; VariantName = "[No Variations]"
Add component (AddParameter): Name = "Packaging"; Value = "Tape and Reel"; VariantName = "[No Variations]"
Add component (AddParameter): Name = "Radiation Hardening"; Value = "No"; VariantName = "[No Variations]"
Add component (AddParameter): Name = "Resistance"; Value = "220R"; VariantName = "[No Variations]"
Add component (AddParameter): Name = "Resistor Type"; Value = "Thick Film"; VariantName = "[No Variations]"
Add component (AddParameter): Name = "RoHS Compliant"; Value = "Yes"; VariantName = "[No Variations]"
Add component (AddParameter): Name = "Series"; Value = "RMCF"; VariantName = "[No Variations]"
Add component (AddParameter): Name = "Temperature Coefficient"; Value = "200ppm/°C"; VariantName = "[No Variations]"
Add component (AddParameter): Name = "Tolerance"; Value = "5%"; VariantName = "[No Variations]"
Add component (AddParameter): Name = "Width"; Value = "0.063inch"; VariantName = "[No Variations]"
Added Component: Designator=R32(FP-RMCF1206-IPC_A)
Add component (AddParameter): Name = "Case Code (Imperial)"; Value = "1206"; VariantName = "[No Variations]"
Add component (AddParameter): Name = "Case Code (Metric)"; Value = "3216"; VariantName = "[No Variations]"
Add component (AddParameter): Name = "Case/Package"; Value = "1206"; VariantName = "[No Variations]"
Add component (AddParameter): Name = "Contact Plating"; Value = "Tin"; VariantName = "[No Variations]"
Add component (AddParameter): Name = "Features"; Value = "Automotive AEC-Q200"; VariantName = "[No Variations]"
Add component (AddParameter): Name = "Height"; Value = "0.028inch"; VariantName = "[No Variations]"
Add component (AddParameter): Name = "Length"; Value = "0.126inch"; VariantName = "[No Variations]"
Add component (AddParameter): Name = "Max Operating Temperature"; Value = "155°C"; VariantName = "[No Variations]"
Add component (AddParameter): Name = "Max Power Dissipation"; Value = "250mW"; VariantName = "[No Variations]"
Add component (AddParameter): Name = "Min Operating Temperature"; Value = "-55°C"; VariantName = "[No Variations]"
Add component (AddParameter): Name = "Mount"; Value = "Surface Mount"; VariantName = "[No Variations]"
Add component (AddParameter): Name = "Number of Terminations"; Value = "2"; VariantName = "[No Variations]"
Add component (AddParameter): Name = "Package Quantity"; Value = "10000"; VariantName = "[No Variations]"
Add component (AddParameter): Name = "Packaging"; Value = "Tape and Reel"; VariantName = "[No Variations]"
Add component (AddParameter): Name = "Radiation Hardening"; Value = "No"; VariantName = "[No Variations]"
Add component (AddParameter): Name = "Resistance"; Value = "220R"; VariantName = "[No Variations]"
Add component (AddParameter): Name = "Resistor Type"; Value = "Thick Film"; VariantName = "[No Variations]"
Add component (AddParameter): Name = "RoHS Compliant"; Value = "Yes"; VariantName = "[No Variations]"
Add component (AddParameter): Name = "Series"; Value = "RMCF"; VariantName = "[No Variations]"
Add component (AddParameter): Name = "Temperature Coefficient"; Value = "200ppm/°C"; VariantName = "[No Variations]"
Add component (AddParameter): Name = "Tolerance"; Value = "5%"; VariantName = "[No Variations]"
Add component (AddParameter): Name = "Width"; Value = "0.063inch"; VariantName = "[No Variations]"
Added Component: Designator=R33(FP-RMCF1206-IPC_A)
Add component (AddParameter): Name = "Case Code (Imperial)"; Value = "1206"; VariantName = "[No Variations]"
Add component (AddParameter): Name = "Case Code (Metric)"; Value = "3216"; VariantName = "[No Variations]"
Add component (AddParameter): Name = "Case/Package"; Value = "1206"; VariantName = "[No Variations]"
Add component (AddParameter): Name = "Contact Plating"; Value = "Tin"; VariantName = "[No Variations]"
Add component (AddParameter): Name = "Features"; Value = "Automotive AEC-Q200"; VariantName = "[No Variations]"
Add component (AddParameter): Name = "Height"; Value = "0.028inch"; VariantName = "[No Variations]"
Add component (AddParameter): Name = "Length"; Value = "0.126inch"; VariantName = "[No Variations]"
Add component (AddParameter): Name = "Max Operating Temperature"; Value = "155°C"; VariantName = "[No Variations]"
Add component (AddParameter): Name = "Max Power Dissipation"; Value = "250mW"; VariantName = "[No Variations]"
Add component (AddParameter): Name = "Min Operating Temperature"; Value = "-55°C"; VariantName = "[No Variations]"
Add component (AddParameter): Name = "Mount"; Value = "Surface Mount"; VariantName = "[No Variations]"
Add component (AddParameter): Name = "Number of Terminations"; Value = "2"; VariantName = "[No Variations]"
Add component (AddParameter): Name = "Package Quantity"; Value = "10000"; VariantName = "[No Variations]"
Add component (AddParameter): Name = "Packaging"; Value = "Tape and Reel"; VariantName = "[No Variations]"
Add component (AddParameter): Name = "Radiation Hardening"; Value = "No"; VariantName = "[No Variations]"
Add component (AddParameter): Name = "Resistance"; Value = "220R"; VariantName = "[No Variations]"
Add component (AddParameter): Name = "Resistor Type"; Value = "Thick Film"; VariantName = "[No Variations]"
Add component (AddParameter): Name = "RoHS Compliant"; Value = "Yes"; VariantName = "[No Variations]"
Add component (AddParameter): Name = "Series"; Value = "RMCF"; VariantName = "[No Variations]"
Add component (AddParameter): Name = "Temperature Coefficient"; Value = "200ppm/°C"; VariantName = "[No Variations]"
Add component (AddParameter): Name = "Tolerance"; Value = "5%"; VariantName = "[No Variations]"
Add component (AddParameter): Name = "Width"; Value = "0.063inch"; VariantName = "[No Variations]"
Added Component: Designator=R34(FP-RNCP1206-IPC_B)
Add component (AddParameter): Name = "Case Code (Imperial)"; Value = "1206"; VariantName = "[No Variations]"
Add component (AddParameter): Name = "Case Code (Metric)"; Value = "3216"; VariantName = "[No Variations]"
Add component (AddParameter): Name = "Case/Package"; Value = "1206"; VariantName = "[No Variations]"
Add component (AddParameter): Name = "Features"; Value = "Moisture Resistant"; VariantName = "[No Variations]"
Add component (AddParameter): Name = "Height"; Value = "0.024inch"; VariantName = "[No Variations]"
Add component (AddParameter): Name = "Lead Free"; Value = "Lead Free"; VariantName = "[No Variations]"
Add component (AddParameter): Name = "Length"; Value = "0.122inch"; VariantName = "[No Variations]"
Add component (AddParameter): Name = "Max Operating Temperature"; Value = "155°C"; VariantName = "[No Variations]"
Add component (AddParameter): Name = "Max Power Dissipation"; Value = "500mW"; VariantName = "[No Variations]"
Add component (AddParameter): Name = "Min Operating Temperature"; Value = "-55°C"; VariantName = "[No Variations]"
Add component (AddParameter): Name = "Mount"; Value = "Surface Mount"; VariantName = "[No Variations]"
Add component (AddParameter): Name = "Number of Terminations"; Value = "2"; VariantName = "[No Variations]"
Add component (AddParameter): Name = "Packaging"; Value = "Tape and Reel"; VariantName = "[No Variations]"
Add component (AddParameter): Name = "Resistance"; Value = "200R"; VariantName = "[No Variations]"
Add component (AddParameter): Name = "Resistor Type"; Value = "Thin Film"; VariantName = "[No Variations]"
Add component (AddParameter): Name = "RoHS Compliant"; Value = "Yes"; VariantName = "[No Variations]"
Add component (AddParameter): Name = "Series"; Value = "RNCP"; VariantName = "[No Variations]"
Add component (AddParameter): Name = "Temperature Coefficient"; Value = "100ppm/°C"; VariantName = "[No Variations]"
Add component (AddParameter): Name = "Tolerance"; Value = "1%"; VariantName = "[No Variations]"
Add component (AddParameter): Name = "Width"; Value = "0.059inch"; VariantName = "[No Variations]"
Added Component: Designator=R35(FP-RNCP1206-IPC_B)
Add component (AddParameter): Name = "Case Code (Imperial)"; Value = "1206"; VariantName = "[No Variations]"
Add component (AddParameter): Name = "Case Code (Metric)"; Value = "3216"; VariantName = "[No Variations]"
Add component (AddParameter): Name = "Case/Package"; Value = "1206"; VariantName = "[No Variations]"
Add component (AddParameter): Name = "Features"; Value = "Moisture Resistant"; VariantName = "[No Variations]"
Add component (AddParameter): Name = "Height"; Value = "0.024inch"; VariantName = "[No Variations]"
Add component (AddParameter): Name = "Lead Free"; Value = "Lead Free"; VariantName = "[No Variations]"
Add component (AddParameter): Name = "Length"; Value = "0.122inch"; VariantName = "[No Variations]"
Add component (AddParameter): Name = "Max Operating Temperature"; Value = "155°C"; VariantName = "[No Variations]"
Add component (AddParameter): Name = "Max Power Dissipation"; Value = "500mW"; VariantName = "[No Variations]"
Add component (AddParameter): Name = "Min Operating Temperature"; Value = "-55°C"; VariantName = "[No Variations]"
Add component (AddParameter): Name = "Mount"; Value = "Surface Mount"; VariantName = "[No Variations]"
Add component (AddParameter): Name = "Number of Terminations"; Value = "2"; VariantName = "[No Variations]"
Add component (AddParameter): Name = "Packaging"; Value = "Tape and Reel"; VariantName = "[No Variations]"
Add component (AddParameter): Name = "Resistance"; Value = "200R"; VariantName = "[No Variations]"
Add component (AddParameter): Name = "Resistor Type"; Value = "Thin Film"; VariantName = "[No Variations]"
Add component (AddParameter): Name = "RoHS Compliant"; Value = "Yes"; VariantName = "[No Variations]"
Add component (AddParameter): Name = "Series"; Value = "RNCP"; VariantName = "[No Variations]"
Add component (AddParameter): Name = "Temperature Coefficient"; Value = "100ppm/°C"; VariantName = "[No Variations]"
Add component (AddParameter): Name = "Tolerance"; Value = "1%"; VariantName = "[No Variations]"
Add component (AddParameter): Name = "Width"; Value = "0.059inch"; VariantName = "[No Variations]"
Added Component: Designator=R36(FP-RNCP1206-IPC_B)
Add component (AddParameter): Name = "Case Code (Imperial)"; Value = "1206"; VariantName = "[No Variations]"
Add component (AddParameter): Name = "Case Code (Metric)"; Value = "3216"; VariantName = "[No Variations]"
Add component (AddParameter): Name = "Case/Package"; Value = "1206"; VariantName = "[No Variations]"
Add component (AddParameter): Name = "Features"; Value = "Moisture Resistant"; VariantName = "[No Variations]"
Add component (AddParameter): Name = "Height"; Value = "0.024inch"; VariantName = "[No Variations]"
Add component (AddParameter): Name = "Lead Free"; Value = "Lead Free"; VariantName = "[No Variations]"
Add component (AddParameter): Name = "Length"; Value = "0.122inch"; VariantName = "[No Variations]"
Add component (AddParameter): Name = "Max Operating Temperature"; Value = "155°C"; VariantName = "[No Variations]"
Add component (AddParameter): Name = "Max Power Dissipation"; Value = "500mW"; VariantName = "[No Variations]"
Add component (AddParameter): Name = "Min Operating Temperature"; Value = "-55°C"; VariantName = "[No Variations]"
Add component (AddParameter): Name = "Mount"; Value = "Surface Mount"; VariantName = "[No Variations]"
Add component (AddParameter): Name = "Number of Terminations"; Value = "2"; VariantName = "[No Variations]"
Add component (AddParameter): Name = "Packaging"; Value = "Tape and Reel"; VariantName = "[No Variations]"
Add component (AddParameter): Name = "Resistance"; Value = "200R"; VariantName = "[No Variations]"
Add component (AddParameter): Name = "Resistor Type"; Value = "Thin Film"; VariantName = "[No Variations]"
Add component (AddParameter): Name = "RoHS Compliant"; Value = "Yes"; VariantName = "[No Variations]"
Add component (AddParameter): Name = "Series"; Value = "RNCP"; VariantName = "[No Variations]"
Add component (AddParameter): Name = "Temperature Coefficient"; Value = "100ppm/°C"; VariantName = "[No Variations]"
Add component (AddParameter): Name = "Tolerance"; Value = "1%"; VariantName = "[No Variations]"
Add component (AddParameter): Name = "Width"; Value = "0.059inch"; VariantName = "[No Variations]"
Added Component: Designator=R37(FP-SR1206-MFG)
Add component (AddParameter): Name = "Automotive"; Value = "Yes"; VariantName = "[No Variations]"
Add component (AddParameter): Name = "Automotive Grade"; Value = "Grade 0"; VariantName = "[No Variations]"
Add component (AddParameter): Name = "Category"; Value = "Res"; VariantName = "[No Variations]"
Add component (AddParameter): Name = "ComponentLink2Description"; Value = "Datasheet"; VariantName = "[No Variations]"
Add component (AddParameter): Name = "ComponentLink2URL"; Value = "http://www.yageo.com/documents/recent/PYu-SR_D_F%20tol_RoHS_L_3.pdf"; VariantName = "[No Variations]"
Add component (AddParameter): Name = "Composition"; Value = "Thick Film"; VariantName = "[No Variations]"
Add component (AddParameter): Name = "Device Class L1"; Value = "Passive Components"; VariantName = "[No Variations]"
Add component (AddParameter): Name = "Device Class L2"; Value = "Resistors"; VariantName = "[No Variations]"
Add component (AddParameter): Name = "Device Class L3"; Value = "Chip SMD Resistors"; VariantName = "[No Variations]"
Add component (AddParameter): Name = "Digikey Description"; Value = "RES 22 OHM 1% 1/2W 1206"; VariantName = "[No Variations]"
Add component (AddParameter): Name = "Footprint Url"; Value = "http://www.yageo.com/exep/pages/download/literatures/PYu-R_Mount_10.pdf"; VariantName = "[No Variations]"
Add component (AddParameter): Name = "Height"; Value = "0.65mm"; VariantName = "[No Variations]"
Add component (AddParameter): Name = "Ipc Land Pattern Name"; Value = "RESC310160X55"; VariantName = "[No Variations]"
Add component (AddParameter): Name = "Lead Free"; Value = "Yes"; VariantName = "[No Variations]"
Add component (AddParameter): Name = "Manufacturer"; Value = "Yageo"; VariantName = "[No Variations]"
Add component (AddParameter): Name = "Manufacturer Part Number"; Value = "SR1206FR-7W22RL"; VariantName = "[No Variations]"
Add component (AddParameter): Name = "Octopart"; Value = "https://octopart.com/sr1206fr-7w22rl-yageo-92673882"; VariantName = "[No Variations]"
Add component (AddParameter): Name = "Package"; Value = "SR1206"; VariantName = "[No Variations]"
Add component (AddParameter): Name = "Power Rating"; Value = "0.5W"; VariantName = "[No Variations]"
Add component (AddParameter): Name = "Resistance"; Value = "22O"; VariantName = "[No Variations]"
Add component (AddParameter): Name = "RoHS"; Value = "TRUE"; VariantName = "[No Variations]"
Add component (AddParameter): Name = "Series"; Value = "SR"; VariantName = "[No Variations]"
Add component (AddParameter): Name = "Temperature"; Value = "-55°C to +155°C"; VariantName = "[No Variations]"
Add component (AddParameter): Name = "Temperature Range High"; Value = "+155°C"; VariantName = "[No Variations]"
Add component (AddParameter): Name = "Temperature Range Low"; Value = "-55°C"; VariantName = "[No Variations]"
Add component (AddParameter): Name = "Tolerance"; Value = "0.01"; VariantName = "[No Variations]"
Add component (AddParameter): Name = "Value"; Value = "22O"; VariantName = "[No Variations]"
Add component (AddParameter): Name = "Voltage Rating"; Value = "200V"; VariantName = "[No Variations]"
Added Component: Designator=R38(FP-SR1206-MFG)
Add component (AddParameter): Name = "Automotive"; Value = "Yes"; VariantName = "[No Variations]"
Add component (AddParameter): Name = "Automotive Grade"; Value = "Grade 0"; VariantName = "[No Variations]"
Add component (AddParameter): Name = "Category"; Value = "Res"; VariantName = "[No Variations]"
Add component (AddParameter): Name = "ComponentLink2Description"; Value = "Datasheet"; VariantName = "[No Variations]"
Add component (AddParameter): Name = "ComponentLink2URL"; Value = "http://www.yageo.com/documents/recent/PYu-SR_D_F%20tol_RoHS_L_3.pdf"; VariantName = "[No Variations]"
Add component (AddParameter): Name = "Composition"; Value = "Thick Film"; VariantName = "[No Variations]"
Add component (AddParameter): Name = "Device Class L1"; Value = "Passive Components"; VariantName = "[No Variations]"
Add component (AddParameter): Name = "Device Class L2"; Value = "Resistors"; VariantName = "[No Variations]"
Add component (AddParameter): Name = "Device Class L3"; Value = "Chip SMD Resistors"; VariantName = "[No Variations]"
Add component (AddParameter): Name = "Digikey Description"; Value = "RES 22 OHM 1% 1/2W 1206"; VariantName = "[No Variations]"
Add component (AddParameter): Name = "Footprint Url"; Value = "http://www.yageo.com/exep/pages/download/literatures/PYu-R_Mount_10.pdf"; VariantName = "[No Variations]"
Add component (AddParameter): Name = "Height"; Value = "0.65mm"; VariantName = "[No Variations]"
Add component (AddParameter): Name = "Ipc Land Pattern Name"; Value = "RESC310160X55"; VariantName = "[No Variations]"
Add component (AddParameter): Name = "Lead Free"; Value = "Yes"; VariantName = "[No Variations]"
Add component (AddParameter): Name = "Manufacturer"; Value = "Yageo"; VariantName = "[No Variations]"
Add component (AddParameter): Name = "Manufacturer Part Number"; Value = "SR1206FR-7W22RL"; VariantName = "[No Variations]"
Add component (AddParameter): Name = "Octopart"; Value = "https://octopart.com/sr1206fr-7w22rl-yageo-92673882"; VariantName = "[No Variations]"
Add component (AddParameter): Name = "Package"; Value = "SR1206"; VariantName = "[No Variations]"
Add component (AddParameter): Name = "Power Rating"; Value = "0.5W"; VariantName = "[No Variations]"
Add component (AddParameter): Name = "Resistance"; Value = "22O"; VariantName = "[No Variations]"
Add component (AddParameter): Name = "RoHS"; Value = "TRUE"; VariantName = "[No Variations]"
Add component (AddParameter): Name = "Series"; Value = "SR"; VariantName = "[No Variations]"
Add component (AddParameter): Name = "Temperature"; Value = "-55°C to +155°C"; VariantName = "[No Variations]"
Add component (AddParameter): Name = "Temperature Range High"; Value = "+155°C"; VariantName = "[No Variations]"
Add component (AddParameter): Name = "Temperature Range Low"; Value = "-55°C"; VariantName = "[No Variations]"
Add component (AddParameter): Name = "Tolerance"; Value = "0.01"; VariantName = "[No Variations]"
Add component (AddParameter): Name = "Value"; Value = "22O"; VariantName = "[No Variations]"
Add component (AddParameter): Name = "Voltage Rating"; Value = "200V"; VariantName = "[No Variations]"
Added Component: Designator=R39(FP-SR1206-MFG)
Add component (AddParameter): Name = "Automotive"; Value = "Yes"; VariantName = "[No Variations]"
Add component (AddParameter): Name = "Automotive Grade"; Value = "Grade 0"; VariantName = "[No Variations]"
Add component (AddParameter): Name = "Category"; Value = "Res"; VariantName = "[No Variations]"
Add component (AddParameter): Name = "ComponentLink2Description"; Value = "Datasheet"; VariantName = "[No Variations]"
Add component (AddParameter): Name = "ComponentLink2URL"; Value = "http://www.yageo.com/documents/recent/PYu-SR_D_F%20tol_RoHS_L_3.pdf"; VariantName = "[No Variations]"
Add component (AddParameter): Name = "Composition"; Value = "Thick Film"; VariantName = "[No Variations]"
Add component (AddParameter): Name = "Device Class L1"; Value = "Passive Components"; VariantName = "[No Variations]"
Add component (AddParameter): Name = "Device Class L2"; Value = "Resistors"; VariantName = "[No Variations]"
Add component (AddParameter): Name = "Device Class L3"; Value = "Chip SMD Resistors"; VariantName = "[No Variations]"
Add component (AddParameter): Name = "Digikey Description"; Value = "RES 22 OHM 1% 1/2W 1206"; VariantName = "[No Variations]"
Add component (AddParameter): Name = "Footprint Url"; Value = "http://www.yageo.com/exep/pages/download/literatures/PYu-R_Mount_10.pdf"; VariantName = "[No Variations]"
Add component (AddParameter): Name = "Height"; Value = "0.65mm"; VariantName = "[No Variations]"
Add component (AddParameter): Name = "Ipc Land Pattern Name"; Value = "RESC310160X55"; VariantName = "[No Variations]"
Add component (AddParameter): Name = "Lead Free"; Value = "Yes"; VariantName = "[No Variations]"
Add component (AddParameter): Name = "Manufacturer"; Value = "Yageo"; VariantName = "[No Variations]"
Add component (AddParameter): Name = "Manufacturer Part Number"; Value = "SR1206FR-7W22RL"; VariantName = "[No Variations]"
Add component (AddParameter): Name = "Octopart"; Value = "https://octopart.com/sr1206fr-7w22rl-yageo-92673882"; VariantName = "[No Variations]"
Add component (AddParameter): Name = "Package"; Value = "SR1206"; VariantName = "[No Variations]"
Add component (AddParameter): Name = "Power Rating"; Value = "0.5W"; VariantName = "[No Variations]"
Add component (AddParameter): Name = "Resistance"; Value = "22O"; VariantName = "[No Variations]"
Add component (AddParameter): Name = "RoHS"; Value = "TRUE"; VariantName = "[No Variations]"
Add component (AddParameter): Name = "Series"; Value = "SR"; VariantName = "[No Variations]"
Add component (AddParameter): Name = "Temperature"; Value = "-55°C to +155°C"; VariantName = "[No Variations]"
Add component (AddParameter): Name = "Temperature Range High"; Value = "+155°C"; VariantName = "[No Variations]"
Add component (AddParameter): Name = "Temperature Range Low"; Value = "-55°C"; VariantName = "[No Variations]"
Add component (AddParameter): Name = "Tolerance"; Value = "0.01"; VariantName = "[No Variations]"
Add component (AddParameter): Name = "Value"; Value = "22O"; VariantName = "[No Variations]"
Add component (AddParameter): Name = "Voltage Rating"; Value = "200V"; VariantName = "[No Variations]"
Added Component: Designator=R40(FP-RMCF1206-IPC_A)
Add component (AddParameter): Name = "Case Code (Imperial)"; Value = "1206"; VariantName = "[No Variations]"
Add component (AddParameter): Name = "Case Code (Metric)"; Value = "3216"; VariantName = "[No Variations]"
Add component (AddParameter): Name = "Case/Package"; Value = "1206"; VariantName = "[No Variations]"
Add component (AddParameter): Name = "Contact Plating"; Value = "Tin"; VariantName = "[No Variations]"
Add component (AddParameter): Name = "Features"; Value = "Automotive AEC-Q200"; VariantName = "[No Variations]"
Add component (AddParameter): Name = "Height"; Value = "0.028inch"; VariantName = "[No Variations]"
Add component (AddParameter): Name = "Length"; Value = "0.126inch"; VariantName = "[No Variations]"
Add component (AddParameter): Name = "Max Operating Temperature"; Value = "155°C"; VariantName = "[No Variations]"
Add component (AddParameter): Name = "Max Power Dissipation"; Value = "250mW"; VariantName = "[No Variations]"
Add component (AddParameter): Name = "Min Operating Temperature"; Value = "-55°C"; VariantName = "[No Variations]"
Add component (AddParameter): Name = "Mount"; Value = "Surface Mount"; VariantName = "[No Variations]"
Add component (AddParameter): Name = "Number of Terminations"; Value = "2"; VariantName = "[No Variations]"
Add component (AddParameter): Name = "Package Quantity"; Value = "10000"; VariantName = "[No Variations]"
Add component (AddParameter): Name = "Packaging"; Value = "Tape and Reel"; VariantName = "[No Variations]"
Add component (AddParameter): Name = "Radiation Hardening"; Value = "No"; VariantName = "[No Variations]"
Add component (AddParameter): Name = "Resistance"; Value = "220R"; VariantName = "[No Variations]"
Add component (AddParameter): Name = "Resistor Type"; Value = "Thick Film"; VariantName = "[No Variations]"
Add component (AddParameter): Name = "RoHS Compliant"; Value = "Yes"; VariantName = "[No Variations]"
Add component (AddParameter): Name = "Series"; Value = "RMCF"; VariantName = "[No Variations]"
Add component (AddParameter): Name = "Temperature Coefficient"; Value = "200ppm/°C"; VariantName = "[No Variations]"
Add component (AddParameter): Name = "Tolerance"; Value = "5%"; VariantName = "[No Variations]"
Add component (AddParameter): Name = "Width"; Value = "0.063inch"; VariantName = "[No Variations]"
Added Component: Designator=R41(FP-RMCF1206-IPC_A)
Add component (AddParameter): Name = "Case Code (Imperial)"; Value = "1206"; VariantName = "[No Variations]"
Add component (AddParameter): Name = "Case Code (Metric)"; Value = "3216"; VariantName = "[No Variations]"
Add component (AddParameter): Name = "Case/Package"; Value = "1206"; VariantName = "[No Variations]"
Add component (AddParameter): Name = "Contact Plating"; Value = "Tin"; VariantName = "[No Variations]"
Add component (AddParameter): Name = "Features"; Value = "Automotive AEC-Q200"; VariantName = "[No Variations]"
Add component (AddParameter): Name = "Height"; Value = "0.028inch"; VariantName = "[No Variations]"
Add component (AddParameter): Name = "Length"; Value = "0.126inch"; VariantName = "[No Variations]"
Add component (AddParameter): Name = "Max Operating Temperature"; Value = "155°C"; VariantName = "[No Variations]"
Add component (AddParameter): Name = "Max Power Dissipation"; Value = "250mW"; VariantName = "[No Variations]"
Add component (AddParameter): Name = "Min Operating Temperature"; Value = "-55°C"; VariantName = "[No Variations]"
Add component (AddParameter): Name = "Mount"; Value = "Surface Mount"; VariantName = "[No Variations]"
Add component (AddParameter): Name = "Number of Terminations"; Value = "2"; VariantName = "[No Variations]"
Add component (AddParameter): Name = "Package Quantity"; Value = "10000"; VariantName = "[No Variations]"
Add component (AddParameter): Name = "Packaging"; Value = "Tape and Reel"; VariantName = "[No Variations]"
Add component (AddParameter): Name = "Radiation Hardening"; Value = "No"; VariantName = "[No Variations]"
Add component (AddParameter): Name = "Resistance"; Value = "220R"; VariantName = "[No Variations]"
Add component (AddParameter): Name = "Resistor Type"; Value = "Thick Film"; VariantName = "[No Variations]"
Add component (AddParameter): Name = "RoHS Compliant"; Value = "Yes"; VariantName = "[No Variations]"
Add component (AddParameter): Name = "Series"; Value = "RMCF"; VariantName = "[No Variations]"
Add component (AddParameter): Name = "Temperature Coefficient"; Value = "200ppm/°C"; VariantName = "[No Variations]"
Add component (AddParameter): Name = "Tolerance"; Value = "5%"; VariantName = "[No Variations]"
Add component (AddParameter): Name = "Width"; Value = "0.063inch"; VariantName = "[No Variations]"
Added Component: Designator=R42(FP-RMCF1206-IPC_A)
Add component (AddParameter): Name = "Case Code (Imperial)"; Value = "1206"; VariantName = "[No Variations]"
Add component (AddParameter): Name = "Case Code (Metric)"; Value = "3216"; VariantName = "[No Variations]"
Add component (AddParameter): Name = "Case/Package"; Value = "1206"; VariantName = "[No Variations]"
Add component (AddParameter): Name = "Contact Plating"; Value = "Tin"; VariantName = "[No Variations]"
Add component (AddParameter): Name = "Features"; Value = "Automotive AEC-Q200"; VariantName = "[No Variations]"
Add component (AddParameter): Name = "Height"; Value = "0.028inch"; VariantName = "[No Variations]"
Add component (AddParameter): Name = "Length"; Value = "0.126inch"; VariantName = "[No Variations]"
Add component (AddParameter): Name = "Max Operating Temperature"; Value = "155°C"; VariantName = "[No Variations]"
Add component (AddParameter): Name = "Max Power Dissipation"; Value = "250mW"; VariantName = "[No Variations]"
Add component (AddParameter): Name = "Min Operating Temperature"; Value = "-55°C"; VariantName = "[No Variations]"
Add component (AddParameter): Name = "Mount"; Value = "Surface Mount"; VariantName = "[No Variations]"
Add component (AddParameter): Name = "Number of Terminations"; Value = "2"; VariantName = "[No Variations]"
Add component (AddParameter): Name = "Package Quantity"; Value = "10000"; VariantName = "[No Variations]"
Add component (AddParameter): Name = "Packaging"; Value = "Tape and Reel"; VariantName = "[No Variations]"
Add component (AddParameter): Name = "Radiation Hardening"; Value = "No"; VariantName = "[No Variations]"
Add component (AddParameter): Name = "Resistance"; Value = "220R"; VariantName = "[No Variations]"
Add component (AddParameter): Name = "Resistor Type"; Value = "Thick Film"; VariantName = "[No Variations]"
Add component (AddParameter): Name = "RoHS Compliant"; Value = "Yes"; VariantName = "[No Variations]"
Add component (AddParameter): Name = "Series"; Value = "RMCF"; VariantName = "[No Variations]"
Add component (AddParameter): Name = "Temperature Coefficient"; Value = "200ppm/°C"; VariantName = "[No Variations]"
Add component (AddParameter): Name = "Tolerance"; Value = "5%"; VariantName = "[No Variations]"
Add component (AddParameter): Name = "Width"; Value = "0.063inch"; VariantName = "[No Variations]"
Added Component: Designator=R?(RESC0603(1608)_L)
Add component (AddParameter): Name = "Case-EIA"; Value = "0603"; VariantName = "[No Variations]"
Add component (AddParameter): Name = "Case-Metric"; Value = "1608"; VariantName = "[No Variations]"
Add component (AddParameter): Name = "Power"; Value = "0.1 W"; VariantName = "[No Variations]"
Add component (AddParameter): Name = "Technology"; Value = "SMT"; VariantName = "[No Variations]"
Add component (AddParameter): Name = "Tolerance"; Value = "5 %"; VariantName = "[No Variations]"
Add component (AddParameter): Name = "Value"; Value = "150.00 Ohm"; VariantName = "[No Variations]"
Added Component: Designator=U1(FP-100CY-MFG)
Add component (AddParameter): Name = "Case/Package"; Value = "SMD/SMT"; VariantName = "[No Variations]"
Add component (AddParameter): Name = "Collector Emitter Breakdown Voltage"; Value = "30V"; VariantName = "[No Variations]"
Add component (AddParameter): Name = "Collector Emitter Voltage (VCEO)"; Value = "30V"; VariantName = "[No Variations]"
Add component (AddParameter): Name = "Contact Plating"; Value = "Tin"; VariantName = "[No Variations]"
Add component (AddParameter): Name = "Fall Time"; Value = "20us"; VariantName = "[No Variations]"
Add component (AddParameter): Name = "Forward Current"; Value = "50mA"; VariantName = "[No Variations]"
Add component (AddParameter): Name = "Forward Voltage"; Value = "1.2V"; VariantName = "[No Variations]"
Add component (AddParameter): Name = "Height"; Value = "1.7mm"; VariantName = "[No Variations]"
Add component (AddParameter): Name = "Input Current"; Value = "50mA"; VariantName = "[No Variations]"
Add component (AddParameter): Name = "Lead Free"; Value = "Lead Free"; VariantName = "[No Variations]"
Add component (AddParameter): Name = "Length"; Value = "3.6mm"; VariantName = "[No Variations]"
Add component (AddParameter): Name = "Max Breakdown Voltage"; Value = "30V"; VariantName = "[No Variations]"
Add component (AddParameter): Name = "Max Collector Current"; Value = "20mA"; VariantName = "[No Variations]"
Add component (AddParameter): Name = "Max Operating Temperature"; Value = "85°C"; VariantName = "[No Variations]"
Add component (AddParameter): Name = "Max Power Dissipation"; Value = "75mW"; VariantName = "[No Variations]"
Add component (AddParameter): Name = "Min Operating Temperature"; Value = "-40°C"; VariantName = "[No Variations]"
Add component (AddParameter): Name = "Mount"; Value = "Surface Mount"; VariantName = "[No Variations]"
Add component (AddParameter): Name = "Number of Channels"; Value = "1"; VariantName = "[No Variations]"
Add component (AddParameter): Name = "Number of Elements"; Value = "1"; VariantName = "[No Variations]"
Add component (AddParameter): Name = "Number of Pins"; Value = "4"; VariantName = "[No Variations]"
Add component (AddParameter): Name = "Operating Supply Voltage"; Value = "1.7V"; VariantName = "[No Variations]"
Add component (AddParameter): Name = "Output Type"; Value = "Phototransistor"; VariantName = "[No Variations]"
Add component (AddParameter): Name = "Package Quantity"; Value = "1000"; VariantName = "[No Variations]"
Add component (AddParameter): Name = "Packaging"; Value = "Tape and Reel"; VariantName = "[No Variations]"
Add component (AddParameter): Name = "Power Dissipation"; Value = "75mW"; VariantName = "[No Variations]"
Add component (AddParameter): Name = "Radiation Hardening"; Value = "No"; VariantName = "[No Variations]"
Add component (AddParameter): Name = "REACH SVHC"; Value = "No SVHC"; VariantName = "[No Variations]"
Add component (AddParameter): Name = "Response Time"; Value = "20us"; VariantName = "[No Variations]"
Add component (AddParameter): Name = "Reverse Breakdown Voltage"; Value = "5V"; VariantName = "[No Variations]"
Add component (AddParameter): Name = "Reverse Voltage (DC)"; Value = "5V"; VariantName = "[No Variations]"
Add component (AddParameter): Name = "Rise Time"; Value = "20us"; VariantName = "[No Variations]"
Add component (AddParameter): Name = "Sensing Distance"; Value = "0.197inch"; VariantName = "[No Variations]"
Add component (AddParameter): Name = "Wavelength"; Value = "940nm"; VariantName = "[No Variations]"
Add component (AddParameter): Name = "Weight"; Value = "0.078g"; VariantName = "[No Variations]"
Add component (AddParameter): Name = "Width"; Value = "2.9mm"; VariantName = "[No Variations]"
Added Component: Designator=U2(FP-100CY-MFG)
Add component (AddParameter): Name = "Case/Package"; Value = "SMD/SMT"; VariantName = "[No Variations]"
Add component (AddParameter): Name = "Collector Emitter Breakdown Voltage"; Value = "30V"; VariantName = "[No Variations]"
Add component (AddParameter): Name = "Collector Emitter Voltage (VCEO)"; Value = "30V"; VariantName = "[No Variations]"
Add component (AddParameter): Name = "Contact Plating"; Value = "Tin"; VariantName = "[No Variations]"
Add component (AddParameter): Name = "Fall Time"; Value = "20us"; VariantName = "[No Variations]"
Add component (AddParameter): Name = "Forward Current"; Value = "50mA"; VariantName = "[No Variations]"
Add component (AddParameter): Name = "Forward Voltage"; Value = "1.2V"; VariantName = "[No Variations]"
Add component (AddParameter): Name = "Height"; Value = "1.7mm"; VariantName = "[No Variations]"
Add component (AddParameter): Name = "Input Current"; Value = "50mA"; VariantName = "[No Variations]"
Add component (AddParameter): Name = "Lead Free"; Value = "Lead Free"; VariantName = "[No Variations]"
Add component (AddParameter): Name = "Length"; Value = "3.6mm"; VariantName = "[No Variations]"
Add component (AddParameter): Name = "Max Breakdown Voltage"; Value = "30V"; VariantName = "[No Variations]"
Add component (AddParameter): Name = "Max Collector Current"; Value = "20mA"; VariantName = "[No Variations]"
Add component (AddParameter): Name = "Max Operating Temperature"; Value = "85°C"; VariantName = "[No Variations]"
Add component (AddParameter): Name = "Max Power Dissipation"; Value = "75mW"; VariantName = "[No Variations]"
Add component (AddParameter): Name = "Min Operating Temperature"; Value = "-40°C"; VariantName = "[No Variations]"
Add component (AddParameter): Name = "Mount"; Value = "Surface Mount"; VariantName = "[No Variations]"
Add component (AddParameter): Name = "Number of Channels"; Value = "1"; VariantName = "[No Variations]"
Add component (AddParameter): Name = "Number of Elements"; Value = "1"; VariantName = "[No Variations]"
Add component (AddParameter): Name = "Number of Pins"; Value = "4"; VariantName = "[No Variations]"
Add component (AddParameter): Name = "Operating Supply Voltage"; Value = "1.7V"; VariantName = "[No Variations]"
Add component (AddParameter): Name = "Output Type"; Value = "Phototransistor"; VariantName = "[No Variations]"
Add component (AddParameter): Name = "Package Quantity"; Value = "1000"; VariantName = "[No Variations]"
Add component (AddParameter): Name = "Packaging"; Value = "Tape and Reel"; VariantName = "[No Variations]"
Add component (AddParameter): Name = "Power Dissipation"; Value = "75mW"; VariantName = "[No Variations]"
Add component (AddParameter): Name = "Radiation Hardening"; Value = "No"; VariantName = "[No Variations]"
Add component (AddParameter): Name = "REACH SVHC"; Value = "No SVHC"; VariantName = "[No Variations]"
Add component (AddParameter): Name = "Response Time"; Value = "20us"; VariantName = "[No Variations]"
Add component (AddParameter): Name = "Reverse Breakdown Voltage"; Value = "5V"; VariantName = "[No Variations]"
Add component (AddParameter): Name = "Reverse Voltage (DC)"; Value = "5V"; VariantName = "[No Variations]"
Add component (AddParameter): Name = "Rise Time"; Value = "20us"; VariantName = "[No Variations]"
Add component (AddParameter): Name = "Sensing Distance"; Value = "0.197inch"; VariantName = "[No Variations]"
Add component (AddParameter): Name = "Wavelength"; Value = "940nm"; VariantName = "[No Variations]"
Add component (AddParameter): Name = "Weight"; Value = "0.078g"; VariantName = "[No Variations]"
Add component (AddParameter): Name = "Width"; Value = "2.9mm"; VariantName = "[No Variations]"
Added Component: Designator=U3(FP-100CY-MFG)
Add component (AddParameter): Name = "Case/Package"; Value = "SMD/SMT"; VariantName = "[No Variations]"
Add component (AddParameter): Name = "Collector Emitter Breakdown Voltage"; Value = "30V"; VariantName = "[No Variations]"
Add component (AddParameter): Name = "Collector Emitter Voltage (VCEO)"; Value = "30V"; VariantName = "[No Variations]"
Add component (AddParameter): Name = "Contact Plating"; Value = "Tin"; VariantName = "[No Variations]"
Add component (AddParameter): Name = "Fall Time"; Value = "20us"; VariantName = "[No Variations]"
Add component (AddParameter): Name = "Forward Current"; Value = "50mA"; VariantName = "[No Variations]"
Add component (AddParameter): Name = "Forward Voltage"; Value = "1.2V"; VariantName = "[No Variations]"
Add component (AddParameter): Name = "Height"; Value = "1.7mm"; VariantName = "[No Variations]"
Add component (AddParameter): Name = "Input Current"; Value = "50mA"; VariantName = "[No Variations]"
Add component (AddParameter): Name = "Lead Free"; Value = "Lead Free"; VariantName = "[No Variations]"
Add component (AddParameter): Name = "Length"; Value = "3.6mm"; VariantName = "[No Variations]"
Add component (AddParameter): Name = "Max Breakdown Voltage"; Value = "30V"; VariantName = "[No Variations]"
Add component (AddParameter): Name = "Max Collector Current"; Value = "20mA"; VariantName = "[No Variations]"
Add component (AddParameter): Name = "Max Operating Temperature"; Value = "85°C"; VariantName = "[No Variations]"
Add component (AddParameter): Name = "Max Power Dissipation"; Value = "75mW"; VariantName = "[No Variations]"
Add component (AddParameter): Name = "Min Operating Temperature"; Value = "-40°C"; VariantName = "[No Variations]"
Add component (AddParameter): Name = "Mount"; Value = "Surface Mount"; VariantName = "[No Variations]"
Add component (AddParameter): Name = "Number of Channels"; Value = "1"; VariantName = "[No Variations]"
Add component (AddParameter): Name = "Number of Elements"; Value = "1"; VariantName = "[No Variations]"
Add component (AddParameter): Name = "Number of Pins"; Value = "4"; VariantName = "[No Variations]"
Add component (AddParameter): Name = "Operating Supply Voltage"; Value = "1.7V"; VariantName = "[No Variations]"
Add component (AddParameter): Name = "Output Type"; Value = "Phototransistor"; VariantName = "[No Variations]"
Add component (AddParameter): Name = "Package Quantity"; Value = "1000"; VariantName = "[No Variations]"
Add component (AddParameter): Name = "Packaging"; Value = "Tape and Reel"; VariantName = "[No Variations]"
Add component (AddParameter): Name = "Power Dissipation"; Value = "75mW"; VariantName = "[No Variations]"
Add component (AddParameter): Name = "Radiation Hardening"; Value = "No"; VariantName = "[No Variations]"
Add component (AddParameter): Name = "REACH SVHC"; Value = "No SVHC"; VariantName = "[No Variations]"
Add component (AddParameter): Name = "Response Time"; Value = "20us"; VariantName = "[No Variations]"
Add component (AddParameter): Name = "Reverse Breakdown Voltage"; Value = "5V"; VariantName = "[No Variations]"
Add component (AddParameter): Name = "Reverse Voltage (DC)"; Value = "5V"; VariantName = "[No Variations]"
Add component (AddParameter): Name = "Rise Time"; Value = "20us"; VariantName = "[No Variations]"
Add component (AddParameter): Name = "Sensing Distance"; Value = "0.197inch"; VariantName = "[No Variations]"
Add component (AddParameter): Name = "Wavelength"; Value = "940nm"; VariantName = "[No Variations]"
Add component (AddParameter): Name = "Weight"; Value = "0.078g"; VariantName = "[No Variations]"
Add component (AddParameter): Name = "Width"; Value = "2.9mm"; VariantName = "[No Variations]"
Added Component: Designator=U4(FP-100CY-MFG)
Add component (AddParameter): Name = "Case/Package"; Value = "SMD/SMT"; VariantName = "[No Variations]"
Add component (AddParameter): Name = "Collector Emitter Breakdown Voltage"; Value = "30V"; VariantName = "[No Variations]"
Add component (AddParameter): Name = "Collector Emitter Voltage (VCEO)"; Value = "30V"; VariantName = "[No Variations]"
Add component (AddParameter): Name = "Contact Plating"; Value = "Tin"; VariantName = "[No Variations]"
Add component (AddParameter): Name = "Fall Time"; Value = "20us"; VariantName = "[No Variations]"
Add component (AddParameter): Name = "Forward Current"; Value = "50mA"; VariantName = "[No Variations]"
Add component (AddParameter): Name = "Forward Voltage"; Value = "1.2V"; VariantName = "[No Variations]"
Add component (AddParameter): Name = "Height"; Value = "1.7mm"; VariantName = "[No Variations]"
Add component (AddParameter): Name = "Input Current"; Value = "50mA"; VariantName = "[No Variations]"
Add component (AddParameter): Name = "Lead Free"; Value = "Lead Free"; VariantName = "[No Variations]"
Add component (AddParameter): Name = "Length"; Value = "3.6mm"; VariantName = "[No Variations]"
Add component (AddParameter): Name = "Max Breakdown Voltage"; Value = "30V"; VariantName = "[No Variations]"
Add component (AddParameter): Name = "Max Collector Current"; Value = "20mA"; VariantName = "[No Variations]"
Add component (AddParameter): Name = "Max Operating Temperature"; Value = "85°C"; VariantName = "[No Variations]"
Add component (AddParameter): Name = "Max Power Dissipation"; Value = "75mW"; VariantName = "[No Variations]"
Add component (AddParameter): Name = "Min Operating Temperature"; Value = "-40°C"; VariantName = "[No Variations]"
Add component (AddParameter): Name = "Mount"; Value = "Surface Mount"; VariantName = "[No Variations]"
Add component (AddParameter): Name = "Number of Channels"; Value = "1"; VariantName = "[No Variations]"
Add component (AddParameter): Name = "Number of Elements"; Value = "1"; VariantName = "[No Variations]"
Add component (AddParameter): Name = "Number of Pins"; Value = "4"; VariantName = "[No Variations]"
Add component (AddParameter): Name = "Operating Supply Voltage"; Value = "1.7V"; VariantName = "[No Variations]"
Add component (AddParameter): Name = "Output Type"; Value = "Phototransistor"; VariantName = "[No Variations]"
Add component (AddParameter): Name = "Package Quantity"; Value = "1000"; VariantName = "[No Variations]"
Add component (AddParameter): Name = "Packaging"; Value = "Tape and Reel"; VariantName = "[No Variations]"
Add component (AddParameter): Name = "Power Dissipation"; Value = "75mW"; VariantName = "[No Variations]"
Add component (AddParameter): Name = "Radiation Hardening"; Value = "No"; VariantName = "[No Variations]"
Add component (AddParameter): Name = "REACH SVHC"; Value = "No SVHC"; VariantName = "[No Variations]"
Add component (AddParameter): Name = "Response Time"; Value = "20us"; VariantName = "[No Variations]"
Add component (AddParameter): Name = "Reverse Breakdown Voltage"; Value = "5V"; VariantName = "[No Variations]"
Add component (AddParameter): Name = "Reverse Voltage (DC)"; Value = "5V"; VariantName = "[No Variations]"
Add component (AddParameter): Name = "Rise Time"; Value = "20us"; VariantName = "[No Variations]"
Add component (AddParameter): Name = "Sensing Distance"; Value = "0.197inch"; VariantName = "[No Variations]"
Add component (AddParameter): Name = "Wavelength"; Value = "940nm"; VariantName = "[No Variations]"
Add component (AddParameter): Name = "Weight"; Value = "0.078g"; VariantName = "[No Variations]"
Add component (AddParameter): Name = "Width"; Value = "2.9mm"; VariantName = "[No Variations]"
Added Component: Designator=U5(FP-100CY-MFG)
Add component (AddParameter): Name = "Case/Package"; Value = "SMD/SMT"; VariantName = "[No Variations]"
Add component (AddParameter): Name = "Collector Emitter Breakdown Voltage"; Value = "30V"; VariantName = "[No Variations]"
Add component (AddParameter): Name = "Collector Emitter Voltage (VCEO)"; Value = "30V"; VariantName = "[No Variations]"
Add component (AddParameter): Name = "Contact Plating"; Value = "Tin"; VariantName = "[No Variations]"
Add component (AddParameter): Name = "Fall Time"; Value = "20us"; VariantName = "[No Variations]"
Add component (AddParameter): Name = "Forward Current"; Value = "50mA"; VariantName = "[No Variations]"
Add component (AddParameter): Name = "Forward Voltage"; Value = "1.2V"; VariantName = "[No Variations]"
Add component (AddParameter): Name = "Height"; Value = "1.7mm"; VariantName = "[No Variations]"
Add component (AddParameter): Name = "Input Current"; Value = "50mA"; VariantName = "[No Variations]"
Add component (AddParameter): Name = "Lead Free"; Value = "Lead Free"; VariantName = "[No Variations]"
Add component (AddParameter): Name = "Length"; Value = "3.6mm"; VariantName = "[No Variations]"
Add component (AddParameter): Name = "Max Breakdown Voltage"; Value = "30V"; VariantName = "[No Variations]"
Add component (AddParameter): Name = "Max Collector Current"; Value = "20mA"; VariantName = "[No Variations]"
Add component (AddParameter): Name = "Max Operating Temperature"; Value = "85°C"; VariantName = "[No Variations]"
Add component (AddParameter): Name = "Max Power Dissipation"; Value = "75mW"; VariantName = "[No Variations]"
Add component (AddParameter): Name = "Min Operating Temperature"; Value = "-40°C"; VariantName = "[No Variations]"
Add component (AddParameter): Name = "Mount"; Value = "Surface Mount"; VariantName = "[No Variations]"
Add component (AddParameter): Name = "Number of Channels"; Value = "1"; VariantName = "[No Variations]"
Add component (AddParameter): Name = "Number of Elements"; Value = "1"; VariantName = "[No Variations]"
Add component (AddParameter): Name = "Number of Pins"; Value = "4"; VariantName = "[No Variations]"
Add component (AddParameter): Name = "Operating Supply Voltage"; Value = "1.7V"; VariantName = "[No Variations]"
Add component (AddParameter): Name = "Output Type"; Value = "Phototransistor"; VariantName = "[No Variations]"
Add component (AddParameter): Name = "Package Quantity"; Value = "1000"; VariantName = "[No Variations]"
Add component (AddParameter): Name = "Packaging"; Value = "Tape and Reel"; VariantName = "[No Variations]"
Add component (AddParameter): Name = "Power Dissipation"; Value = "75mW"; VariantName = "[No Variations]"
Add component (AddParameter): Name = "Radiation Hardening"; Value = "No"; VariantName = "[No Variations]"
Add component (AddParameter): Name = "REACH SVHC"; Value = "No SVHC"; VariantName = "[No Variations]"
Add component (AddParameter): Name = "Response Time"; Value = "20us"; VariantName = "[No Variations]"
Add component (AddParameter): Name = "Reverse Breakdown Voltage"; Value = "5V"; VariantName = "[No Variations]"
Add component (AddParameter): Name = "Reverse Voltage (DC)"; Value = "5V"; VariantName = "[No Variations]"
Add component (AddParameter): Name = "Rise Time"; Value = "20us"; VariantName = "[No Variations]"
Add component (AddParameter): Name = "Sensing Distance"; Value = "0.197inch"; VariantName = "[No Variations]"
Add component (AddParameter): Name = "Wavelength"; Value = "940nm"; VariantName = "[No Variations]"
Add component (AddParameter): Name = "Weight"; Value = "0.078g"; VariantName = "[No Variations]"
Add component (AddParameter): Name = "Width"; Value = "2.9mm"; VariantName = "[No Variations]"
Added Component: Designator=U6(FP-100CY-MFG)
Add component (AddParameter): Name = "Case/Package"; Value = "SMD/SMT"; VariantName = "[No Variations]"
Add component (AddParameter): Name = "Collector Emitter Breakdown Voltage"; Value = "30V"; VariantName = "[No Variations]"
Add component (AddParameter): Name = "Collector Emitter Voltage (VCEO)"; Value = "30V"; VariantName = "[No Variations]"
Add component (AddParameter): Name = "Contact Plating"; Value = "Tin"; VariantName = "[No Variations]"
Add component (AddParameter): Name = "Fall Time"; Value = "20us"; VariantName = "[No Variations]"
Add component (AddParameter): Name = "Forward Current"; Value = "50mA"; VariantName = "[No Variations]"
Add component (AddParameter): Name = "Forward Voltage"; Value = "1.2V"; VariantName = "[No Variations]"
Add component (AddParameter): Name = "Height"; Value = "1.7mm"; VariantName = "[No Variations]"
Add component (AddParameter): Name = "Input Current"; Value = "50mA"; VariantName = "[No Variations]"
Add component (AddParameter): Name = "Lead Free"; Value = "Lead Free"; VariantName = "[No Variations]"
Add component (AddParameter): Name = "Length"; Value = "3.6mm"; VariantName = "[No Variations]"
Add component (AddParameter): Name = "Max Breakdown Voltage"; Value = "30V"; VariantName = "[No Variations]"
Add component (AddParameter): Name = "Max Collector Current"; Value = "20mA"; VariantName = "[No Variations]"
Add component (AddParameter): Name = "Max Operating Temperature"; Value = "85°C"; VariantName = "[No Variations]"
Add component (AddParameter): Name = "Max Power Dissipation"; Value = "75mW"; VariantName = "[No Variations]"
Add component (AddParameter): Name = "Min Operating Temperature"; Value = "-40°C"; VariantName = "[No Variations]"
Add component (AddParameter): Name = "Mount"; Value = "Surface Mount"; VariantName = "[No Variations]"
Add component (AddParameter): Name = "Number of Channels"; Value = "1"; VariantName = "[No Variations]"
Add component (AddParameter): Name = "Number of Elements"; Value = "1"; VariantName = "[No Variations]"
Add component (AddParameter): Name = "Number of Pins"; Value = "4"; VariantName = "[No Variations]"
Add component (AddParameter): Name = "Operating Supply Voltage"; Value = "1.7V"; VariantName = "[No Variations]"
Add component (AddParameter): Name = "Output Type"; Value = "Phototransistor"; VariantName = "[No Variations]"
Add component (AddParameter): Name = "Package Quantity"; Value = "1000"; VariantName = "[No Variations]"
Add component (AddParameter): Name = "Packaging"; Value = "Tape and Reel"; VariantName = "[No Variations]"
Add component (AddParameter): Name = "Power Dissipation"; Value = "75mW"; VariantName = "[No Variations]"
Add component (AddParameter): Name = "Radiation Hardening"; Value = "No"; VariantName = "[No Variations]"
Add component (AddParameter): Name = "REACH SVHC"; Value = "No SVHC"; VariantName = "[No Variations]"
Add component (AddParameter): Name = "Response Time"; Value = "20us"; VariantName = "[No Variations]"
Add component (AddParameter): Name = "Reverse Breakdown Voltage"; Value = "5V"; VariantName = "[No Variations]"
Add component (AddParameter): Name = "Reverse Voltage (DC)"; Value = "5V"; VariantName = "[No Variations]"
Add component (AddParameter): Name = "Rise Time"; Value = "20us"; VariantName = "[No Variations]"
Add component (AddParameter): Name = "Sensing Distance"; Value = "0.197inch"; VariantName = "[No Variations]"
Add component (AddParameter): Name = "Wavelength"; Value = "940nm"; VariantName = "[No Variations]"
Add component (AddParameter): Name = "Weight"; Value = "0.078g"; VariantName = "[No Variations]"
Add component (AddParameter): Name = "Width"; Value = "2.9mm"; VariantName = "[No Variations]"
Added Component: Designator=U7(FP-100CY-MFG)
Add component (AddParameter): Name = "Case/Package"; Value = "SMD/SMT"; VariantName = "[No Variations]"
Add component (AddParameter): Name = "Collector Emitter Breakdown Voltage"; Value = "30V"; VariantName = "[No Variations]"
Add component (AddParameter): Name = "Collector Emitter Voltage (VCEO)"; Value = "30V"; VariantName = "[No Variations]"
Add component (AddParameter): Name = "Contact Plating"; Value = "Tin"; VariantName = "[No Variations]"
Add component (AddParameter): Name = "Fall Time"; Value = "20us"; VariantName = "[No Variations]"
Add component (AddParameter): Name = "Forward Current"; Value = "50mA"; VariantName = "[No Variations]"
Add component (AddParameter): Name = "Forward Voltage"; Value = "1.2V"; VariantName = "[No Variations]"
Add component (AddParameter): Name = "Height"; Value = "1.7mm"; VariantName = "[No Variations]"
Add component (AddParameter): Name = "Input Current"; Value = "50mA"; VariantName = "[No Variations]"
Add component (AddParameter): Name = "Lead Free"; Value = "Lead Free"; VariantName = "[No Variations]"
Add component (AddParameter): Name = "Length"; Value = "3.6mm"; VariantName = "[No Variations]"
Add component (AddParameter): Name = "Max Breakdown Voltage"; Value = "30V"; VariantName = "[No Variations]"
Add component (AddParameter): Name = "Max Collector Current"; Value = "20mA"; VariantName = "[No Variations]"
Add component (AddParameter): Name = "Max Operating Temperature"; Value = "85°C"; VariantName = "[No Variations]"
Add component (AddParameter): Name = "Max Power Dissipation"; Value = "75mW"; VariantName = "[No Variations]"
Add component (AddParameter): Name = "Min Operating Temperature"; Value = "-40°C"; VariantName = "[No Variations]"
Add component (AddParameter): Name = "Mount"; Value = "Surface Mount"; VariantName = "[No Variations]"
Add component (AddParameter): Name = "Number of Channels"; Value = "1"; VariantName = "[No Variations]"
Add component (AddParameter): Name = "Number of Elements"; Value = "1"; VariantName = "[No Variations]"
Add component (AddParameter): Name = "Number of Pins"; Value = "4"; VariantName = "[No Variations]"
Add component (AddParameter): Name = "Operating Supply Voltage"; Value = "1.7V"; VariantName = "[No Variations]"
Add component (AddParameter): Name = "Output Type"; Value = "Phototransistor"; VariantName = "[No Variations]"
Add component (AddParameter): Name = "Package Quantity"; Value = "1000"; VariantName = "[No Variations]"
Add component (AddParameter): Name = "Packaging"; Value = "Tape and Reel"; VariantName = "[No Variations]"
Add component (AddParameter): Name = "Power Dissipation"; Value = "75mW"; VariantName = "[No Variations]"
Add component (AddParameter): Name = "Radiation Hardening"; Value = "No"; VariantName = "[No Variations]"
Add component (AddParameter): Name = "REACH SVHC"; Value = "No SVHC"; VariantName = "[No Variations]"
Add component (AddParameter): Name = "Response Time"; Value = "20us"; VariantName = "[No Variations]"
Add component (AddParameter): Name = "Reverse Breakdown Voltage"; Value = "5V"; VariantName = "[No Variations]"
Add component (AddParameter): Name = "Reverse Voltage (DC)"; Value = "5V"; VariantName = "[No Variations]"
Add component (AddParameter): Name = "Rise Time"; Value = "20us"; VariantName = "[No Variations]"
Add component (AddParameter): Name = "Sensing Distance"; Value = "0.197inch"; VariantName = "[No Variations]"
Add component (AddParameter): Name = "Wavelength"; Value = "940nm"; VariantName = "[No Variations]"
Add component (AddParameter): Name = "Weight"; Value = "0.078g"; VariantName = "[No Variations]"
Add component (AddParameter): Name = "Width"; Value = "2.9mm"; VariantName = "[No Variations]"
Added Component: Designator=U8(FP-100CY-MFG)
Add component (AddParameter): Name = "Case/Package"; Value = "SMD/SMT"; VariantName = "[No Variations]"
Add component (AddParameter): Name = "Collector Emitter Breakdown Voltage"; Value = "30V"; VariantName = "[No Variations]"
Add component (AddParameter): Name = "Collector Emitter Voltage (VCEO)"; Value = "30V"; VariantName = "[No Variations]"
Add component (AddParameter): Name = "Contact Plating"; Value = "Tin"; VariantName = "[No Variations]"
Add component (AddParameter): Name = "Fall Time"; Value = "20us"; VariantName = "[No Variations]"
Add component (AddParameter): Name = "Forward Current"; Value = "50mA"; VariantName = "[No Variations]"
Add component (AddParameter): Name = "Forward Voltage"; Value = "1.2V"; VariantName = "[No Variations]"
Add component (AddParameter): Name = "Height"; Value = "1.7mm"; VariantName = "[No Variations]"
Add component (AddParameter): Name = "Input Current"; Value = "50mA"; VariantName = "[No Variations]"
Add component (AddParameter): Name = "Lead Free"; Value = "Lead Free"; VariantName = "[No Variations]"
Add component (AddParameter): Name = "Length"; Value = "3.6mm"; VariantName = "[No Variations]"
Add component (AddParameter): Name = "Max Breakdown Voltage"; Value = "30V"; VariantName = "[No Variations]"
Add component (AddParameter): Name = "Max Collector Current"; Value = "20mA"; VariantName = "[No Variations]"
Add component (AddParameter): Name = "Max Operating Temperature"; Value = "85°C"; VariantName = "[No Variations]"
Add component (AddParameter): Name = "Max Power Dissipation"; Value = "75mW"; VariantName = "[No Variations]"
Add component (AddParameter): Name = "Min Operating Temperature"; Value = "-40°C"; VariantName = "[No Variations]"
Add component (AddParameter): Name = "Mount"; Value = "Surface Mount"; VariantName = "[No Variations]"
Add component (AddParameter): Name = "Number of Channels"; Value = "1"; VariantName = "[No Variations]"
Add component (AddParameter): Name = "Number of Elements"; Value = "1"; VariantName = "[No Variations]"
Add component (AddParameter): Name = "Number of Pins"; Value = "4"; VariantName = "[No Variations]"
Add component (AddParameter): Name = "Operating Supply Voltage"; Value = "1.7V"; VariantName = "[No Variations]"
Add component (AddParameter): Name = "Output Type"; Value = "Phototransistor"; VariantName = "[No Variations]"
Add component (AddParameter): Name = "Package Quantity"; Value = "1000"; VariantName = "[No Variations]"
Add component (AddParameter): Name = "Packaging"; Value = "Tape and Reel"; VariantName = "[No Variations]"
Add component (AddParameter): Name = "Power Dissipation"; Value = "75mW"; VariantName = "[No Variations]"
Add component (AddParameter): Name = "Radiation Hardening"; Value = "No"; VariantName = "[No Variations]"
Add component (AddParameter): Name = "REACH SVHC"; Value = "No SVHC"; VariantName = "[No Variations]"
Add component (AddParameter): Name = "Response Time"; Value = "20us"; VariantName = "[No Variations]"
Add component (AddParameter): Name = "Reverse Breakdown Voltage"; Value = "5V"; VariantName = "[No Variations]"
Add component (AddParameter): Name = "Reverse Voltage (DC)"; Value = "5V"; VariantName = "[No Variations]"
Add component (AddParameter): Name = "Rise Time"; Value = "20us"; VariantName = "[No Variations]"
Add component (AddParameter): Name = "Sensing Distance"; Value = "0.197inch"; VariantName = "[No Variations]"
Add component (AddParameter): Name = "Wavelength"; Value = "940nm"; VariantName = "[No Variations]"
Add component (AddParameter): Name = "Weight"; Value = "0.078g"; VariantName = "[No Variations]"
Add component (AddParameter): Name = "Width"; Value = "2.9mm"; VariantName = "[No Variations]"
Added Component: Designator=U9(FP-100CY-MFG)
Add component (AddParameter): Name = "Case/Package"; Value = "SMD/SMT"; VariantName = "[No Variations]"
Add component (AddParameter): Name = "Collector Emitter Breakdown Voltage"; Value = "30V"; VariantName = "[No Variations]"
Add component (AddParameter): Name = "Collector Emitter Voltage (VCEO)"; Value = "30V"; VariantName = "[No Variations]"
Add component (AddParameter): Name = "Contact Plating"; Value = "Tin"; VariantName = "[No Variations]"
Add component (AddParameter): Name = "Fall Time"; Value = "20us"; VariantName = "[No Variations]"
Add component (AddParameter): Name = "Forward Current"; Value = "50mA"; VariantName = "[No Variations]"
Add component (AddParameter): Name = "Forward Voltage"; Value = "1.2V"; VariantName = "[No Variations]"
Add component (AddParameter): Name = "Height"; Value = "1.7mm"; VariantName = "[No Variations]"
Add component (AddParameter): Name = "Input Current"; Value = "50mA"; VariantName = "[No Variations]"
Add component (AddParameter): Name = "Lead Free"; Value = "Lead Free"; VariantName = "[No Variations]"
Add component (AddParameter): Name = "Length"; Value = "3.6mm"; VariantName = "[No Variations]"
Add component (AddParameter): Name = "Max Breakdown Voltage"; Value = "30V"; VariantName = "[No Variations]"
Add component (AddParameter): Name = "Max Collector Current"; Value = "20mA"; VariantName = "[No Variations]"
Add component (AddParameter): Name = "Max Operating Temperature"; Value = "85°C"; VariantName = "[No Variations]"
Add component (AddParameter): Name = "Max Power Dissipation"; Value = "75mW"; VariantName = "[No Variations]"
Add component (AddParameter): Name = "Min Operating Temperature"; Value = "-40°C"; VariantName = "[No Variations]"
Add component (AddParameter): Name = "Mount"; Value = "Surface Mount"; VariantName = "[No Variations]"
Add component (AddParameter): Name = "Number of Channels"; Value = "1"; VariantName = "[No Variations]"
Add component (AddParameter): Name = "Number of Elements"; Value = "1"; VariantName = "[No Variations]"
Add component (AddParameter): Name = "Number of Pins"; Value = "4"; VariantName = "[No Variations]"
Add component (AddParameter): Name = "Operating Supply Voltage"; Value = "1.7V"; VariantName = "[No Variations]"
Add component (AddParameter): Name = "Output Type"; Value = "Phototransistor"; VariantName = "[No Variations]"
Add component (AddParameter): Name = "Package Quantity"; Value = "1000"; VariantName = "[No Variations]"
Add component (AddParameter): Name = "Packaging"; Value = "Tape and Reel"; VariantName = "[No Variations]"
Add component (AddParameter): Name = "Power Dissipation"; Value = "75mW"; VariantName = "[No Variations]"
Add component (AddParameter): Name = "Radiation Hardening"; Value = "No"; VariantName = "[No Variations]"
Add component (AddParameter): Name = "REACH SVHC"; Value = "No SVHC"; VariantName = "[No Variations]"
Add component (AddParameter): Name = "Response Time"; Value = "20us"; VariantName = "[No Variations]"
Add component (AddParameter): Name = "Reverse Breakdown Voltage"; Value = "5V"; VariantName = "[No Variations]"
Add component (AddParameter): Name = "Reverse Voltage (DC)"; Value = "5V"; VariantName = "[No Variations]"
Add component (AddParameter): Name = "Rise Time"; Value = "20us"; VariantName = "[No Variations]"
Add component (AddParameter): Name = "Sensing Distance"; Value = "0.197inch"; VariantName = "[No Variations]"
Add component (AddParameter): Name = "Wavelength"; Value = "940nm"; VariantName = "[No Variations]"
Add component (AddParameter): Name = "Weight"; Value = "0.078g"; VariantName = "[No Variations]"
Add component (AddParameter): Name = "Width"; Value = "2.9mm"; VariantName = "[No Variations]"
Added Component: Designator=U10(FP-100CY-MFG)
Add component (AddParameter): Name = "Case/Package"; Value = "SMD/SMT"; VariantName = "[No Variations]"
Add component (AddParameter): Name = "Collector Emitter Breakdown Voltage"; Value = "30V"; VariantName = "[No Variations]"
Add component (AddParameter): Name = "Collector Emitter Voltage (VCEO)"; Value = "30V"; VariantName = "[No Variations]"
Add component (AddParameter): Name = "Contact Plating"; Value = "Tin"; VariantName = "[No Variations]"
Add component (AddParameter): Name = "Fall Time"; Value = "20us"; VariantName = "[No Variations]"
Add component (AddParameter): Name = "Forward Current"; Value = "50mA"; VariantName = "[No Variations]"
Add component (AddParameter): Name = "Forward Voltage"; Value = "1.2V"; VariantName = "[No Variations]"
Add component (AddParameter): Name = "Height"; Value = "1.7mm"; VariantName = "[No Variations]"
Add component (AddParameter): Name = "Input Current"; Value = "50mA"; VariantName = "[No Variations]"
Add component (AddParameter): Name = "Lead Free"; Value = "Lead Free"; VariantName = "[No Variations]"
Add component (AddParameter): Name = "Length"; Value = "3.6mm"; VariantName = "[No Variations]"
Add component (AddParameter): Name = "Max Breakdown Voltage"; Value = "30V"; VariantName = "[No Variations]"
Add component (AddParameter): Name = "Max Collector Current"; Value = "20mA"; VariantName = "[No Variations]"
Add component (AddParameter): Name = "Max Operating Temperature"; Value = "85°C"; VariantName = "[No Variations]"
Add component (AddParameter): Name = "Max Power Dissipation"; Value = "75mW"; VariantName = "[No Variations]"
Add component (AddParameter): Name = "Min Operating Temperature"; Value = "-40°C"; VariantName = "[No Variations]"
Add component (AddParameter): Name = "Mount"; Value = "Surface Mount"; VariantName = "[No Variations]"
Add component (AddParameter): Name = "Number of Channels"; Value = "1"; VariantName = "[No Variations]"
Add component (AddParameter): Name = "Number of Elements"; Value = "1"; VariantName = "[No Variations]"
Add component (AddParameter): Name = "Number of Pins"; Value = "4"; VariantName = "[No Variations]"
Add component (AddParameter): Name = "Operating Supply Voltage"; Value = "1.7V"; VariantName = "[No Variations]"
Add component (AddParameter): Name = "Output Type"; Value = "Phototransistor"; VariantName = "[No Variations]"
Add component (AddParameter): Name = "Package Quantity"; Value = "1000"; VariantName = "[No Variations]"
Add component (AddParameter): Name = "Packaging"; Value = "Tape and Reel"; VariantName = "[No Variations]"
Add component (AddParameter): Name = "Power Dissipation"; Value = "75mW"; VariantName = "[No Variations]"
Add component (AddParameter): Name = "Radiation Hardening"; Value = "No"; VariantName = "[No Variations]"
Add component (AddParameter): Name = "REACH SVHC"; Value = "No SVHC"; VariantName = "[No Variations]"
Add component (AddParameter): Name = "Response Time"; Value = "20us"; VariantName = "[No Variations]"
Add component (AddParameter): Name = "Reverse Breakdown Voltage"; Value = "5V"; VariantName = "[No Variations]"
Add component (AddParameter): Name = "Reverse Voltage (DC)"; Value = "5V"; VariantName = "[No Variations]"
Add component (AddParameter): Name = "Rise Time"; Value = "20us"; VariantName = "[No Variations]"
Add component (AddParameter): Name = "Sensing Distance"; Value = "0.197inch"; VariantName = "[No Variations]"
Add component (AddParameter): Name = "Wavelength"; Value = "940nm"; VariantName = "[No Variations]"
Add component (AddParameter): Name = "Weight"; Value = "0.078g"; VariantName = "[No Variations]"
Add component (AddParameter): Name = "Width"; Value = "2.9mm"; VariantName = "[No Variations]"
Added Component: Designator=U11(FP-100CY-MFG)
Add component (AddParameter): Name = "Case/Package"; Value = "SMD/SMT"; VariantName = "[No Variations]"
Add component (AddParameter): Name = "Collector Emitter Breakdown Voltage"; Value = "30V"; VariantName = "[No Variations]"
Add component (AddParameter): Name = "Collector Emitter Voltage (VCEO)"; Value = "30V"; VariantName = "[No Variations]"
Add component (AddParameter): Name = "Contact Plating"; Value = "Tin"; VariantName = "[No Variations]"
Add component (AddParameter): Name = "Fall Time"; Value = "20us"; VariantName = "[No Variations]"
Add component (AddParameter): Name = "Forward Current"; Value = "50mA"; VariantName = "[No Variations]"
Add component (AddParameter): Name = "Forward Voltage"; Value = "1.2V"; VariantName = "[No Variations]"
Add component (AddParameter): Name = "Height"; Value = "1.7mm"; VariantName = "[No Variations]"
Add component (AddParameter): Name = "Input Current"; Value = "50mA"; VariantName = "[No Variations]"
Add component (AddParameter): Name = "Lead Free"; Value = "Lead Free"; VariantName = "[No Variations]"
Add component (AddParameter): Name = "Length"; Value = "3.6mm"; VariantName = "[No Variations]"
Add component (AddParameter): Name = "Max Breakdown Voltage"; Value = "30V"; VariantName = "[No Variations]"
Add component (AddParameter): Name = "Max Collector Current"; Value = "20mA"; VariantName = "[No Variations]"
Add component (AddParameter): Name = "Max Operating Temperature"; Value = "85°C"; VariantName = "[No Variations]"
Add component (AddParameter): Name = "Max Power Dissipation"; Value = "75mW"; VariantName = "[No Variations]"
Add component (AddParameter): Name = "Min Operating Temperature"; Value = "-40°C"; VariantName = "[No Variations]"
Add component (AddParameter): Name = "Mount"; Value = "Surface Mount"; VariantName = "[No Variations]"
Add component (AddParameter): Name = "Number of Channels"; Value = "1"; VariantName = "[No Variations]"
Add component (AddParameter): Name = "Number of Elements"; Value = "1"; VariantName = "[No Variations]"
Add component (AddParameter): Name = "Number of Pins"; Value = "4"; VariantName = "[No Variations]"
Add component (AddParameter): Name = "Operating Supply Voltage"; Value = "1.7V"; VariantName = "[No Variations]"
Add component (AddParameter): Name = "Output Type"; Value = "Phototransistor"; VariantName = "[No Variations]"
Add component (AddParameter): Name = "Package Quantity"; Value = "1000"; VariantName = "[No Variations]"
Add component (AddParameter): Name = "Packaging"; Value = "Tape and Reel"; VariantName = "[No Variations]"
Add component (AddParameter): Name = "Power Dissipation"; Value = "75mW"; VariantName = "[No Variations]"
Add component (AddParameter): Name = "Radiation Hardening"; Value = "No"; VariantName = "[No Variations]"
Add component (AddParameter): Name = "REACH SVHC"; Value = "No SVHC"; VariantName = "[No Variations]"
Add component (AddParameter): Name = "Response Time"; Value = "20us"; VariantName = "[No Variations]"
Add component (AddParameter): Name = "Reverse Breakdown Voltage"; Value = "5V"; VariantName = "[No Variations]"
Add component (AddParameter): Name = "Reverse Voltage (DC)"; Value = "5V"; VariantName = "[No Variations]"
Add component (AddParameter): Name = "Rise Time"; Value = "20us"; VariantName = "[No Variations]"
Add component (AddParameter): Name = "Sensing Distance"; Value = "0.197inch"; VariantName = "[No Variations]"
Add component (AddParameter): Name = "Wavelength"; Value = "940nm"; VariantName = "[No Variations]"
Add component (AddParameter): Name = "Weight"; Value = "0.078g"; VariantName = "[No Variations]"
Add component (AddParameter): Name = "Width"; Value = "2.9mm"; VariantName = "[No Variations]"
Added Component: Designator=U12(FP-100CY-MFG)
Add component (AddParameter): Name = "Case/Package"; Value = "SMD/SMT"; VariantName = "[No Variations]"
Add component (AddParameter): Name = "Collector Emitter Breakdown Voltage"; Value = "30V"; VariantName = "[No Variations]"
Add component (AddParameter): Name = "Collector Emitter Voltage (VCEO)"; Value = "30V"; VariantName = "[No Variations]"
Add component (AddParameter): Name = "Contact Plating"; Value = "Tin"; VariantName = "[No Variations]"
Add component (AddParameter): Name = "Fall Time"; Value = "20us"; VariantName = "[No Variations]"
Add component (AddParameter): Name = "Forward Current"; Value = "50mA"; VariantName = "[No Variations]"
Add component (AddParameter): Name = "Forward Voltage"; Value = "1.2V"; VariantName = "[No Variations]"
Add component (AddParameter): Name = "Height"; Value = "1.7mm"; VariantName = "[No Variations]"
Add component (AddParameter): Name = "Input Current"; Value = "50mA"; VariantName = "[No Variations]"
Add component (AddParameter): Name = "Lead Free"; Value = "Lead Free"; VariantName = "[No Variations]"
Add component (AddParameter): Name = "Length"; Value = "3.6mm"; VariantName = "[No Variations]"
Add component (AddParameter): Name = "Max Breakdown Voltage"; Value = "30V"; VariantName = "[No Variations]"
Add component (AddParameter): Name = "Max Collector Current"; Value = "20mA"; VariantName = "[No Variations]"
Add component (AddParameter): Name = "Max Operating Temperature"; Value = "85°C"; VariantName = "[No Variations]"
Add component (AddParameter): Name = "Max Power Dissipation"; Value = "75mW"; VariantName = "[No Variations]"
Add component (AddParameter): Name = "Min Operating Temperature"; Value = "-40°C"; VariantName = "[No Variations]"
Add component (AddParameter): Name = "Mount"; Value = "Surface Mount"; VariantName = "[No Variations]"
Add component (AddParameter): Name = "Number of Channels"; Value = "1"; VariantName = "[No Variations]"
Add component (AddParameter): Name = "Number of Elements"; Value = "1"; VariantName = "[No Variations]"
Add component (AddParameter): Name = "Number of Pins"; Value = "4"; VariantName = "[No Variations]"
Add component (AddParameter): Name = "Operating Supply Voltage"; Value = "1.7V"; VariantName = "[No Variations]"
Add component (AddParameter): Name = "Output Type"; Value = "Phototransistor"; VariantName = "[No Variations]"
Add component (AddParameter): Name = "Package Quantity"; Value = "1000"; VariantName = "[No Variations]"
Add component (AddParameter): Name = "Packaging"; Value = "Tape and Reel"; VariantName = "[No Variations]"
Add component (AddParameter): Name = "Power Dissipation"; Value = "75mW"; VariantName = "[No Variations]"
Add component (AddParameter): Name = "Radiation Hardening"; Value = "No"; VariantName = "[No Variations]"
Add component (AddParameter): Name = "REACH SVHC"; Value = "No SVHC"; VariantName = "[No Variations]"
Add component (AddParameter): Name = "Response Time"; Value = "20us"; VariantName = "[No Variations]"
Add component (AddParameter): Name = "Reverse Breakdown Voltage"; Value = "5V"; VariantName = "[No Variations]"
Add component (AddParameter): Name = "Reverse Voltage (DC)"; Value = "5V"; VariantName = "[No Variations]"
Add component (AddParameter): Name = "Rise Time"; Value = "20us"; VariantName = "[No Variations]"
Add component (AddParameter): Name = "Sensing Distance"; Value = "0.197inch"; VariantName = "[No Variations]"
Add component (AddParameter): Name = "Wavelength"; Value = "940nm"; VariantName = "[No Variations]"
Add component (AddParameter): Name = "Weight"; Value = "0.078g"; VariantName = "[No Variations]"
Add component (AddParameter): Name = "Width"; Value = "2.9mm"; VariantName = "[No Variations]"
Added Component: Designator=U13(FP-100CY-MFG)
Add component (AddParameter): Name = "Case/Package"; Value = "SMD/SMT"; VariantName = "[No Variations]"
Add component (AddParameter): Name = "Collector Emitter Breakdown Voltage"; Value = "30V"; VariantName = "[No Variations]"
Add component (AddParameter): Name = "Collector Emitter Voltage (VCEO)"; Value = "30V"; VariantName = "[No Variations]"
Add component (AddParameter): Name = "Contact Plating"; Value = "Tin"; VariantName = "[No Variations]"
Add component (AddParameter): Name = "Fall Time"; Value = "20us"; VariantName = "[No Variations]"
Add component (AddParameter): Name = "Forward Current"; Value = "50mA"; VariantName = "[No Variations]"
Add component (AddParameter): Name = "Forward Voltage"; Value = "1.2V"; VariantName = "[No Variations]"
Add component (AddParameter): Name = "Height"; Value = "1.7mm"; VariantName = "[No Variations]"
Add component (AddParameter): Name = "Input Current"; Value = "50mA"; VariantName = "[No Variations]"
Add component (AddParameter): Name = "Lead Free"; Value = "Lead Free"; VariantName = "[No Variations]"
Add component (AddParameter): Name = "Length"; Value = "3.6mm"; VariantName = "[No Variations]"
Add component (AddParameter): Name = "Max Breakdown Voltage"; Value = "30V"; VariantName = "[No Variations]"
Add component (AddParameter): Name = "Max Collector Current"; Value = "20mA"; VariantName = "[No Variations]"
Add component (AddParameter): Name = "Max Operating Temperature"; Value = "85°C"; VariantName = "[No Variations]"
Add component (AddParameter): Name = "Max Power Dissipation"; Value = "75mW"; VariantName = "[No Variations]"
Add component (AddParameter): Name = "Min Operating Temperature"; Value = "-40°C"; VariantName = "[No Variations]"
Add component (AddParameter): Name = "Mount"; Value = "Surface Mount"; VariantName = "[No Variations]"
Add component (AddParameter): Name = "Number of Channels"; Value = "1"; VariantName = "[No Variations]"
Add component (AddParameter): Name = "Number of Elements"; Value = "1"; VariantName = "[No Variations]"
Add component (AddParameter): Name = "Number of Pins"; Value = "4"; VariantName = "[No Variations]"
Add component (AddParameter): Name = "Operating Supply Voltage"; Value = "1.7V"; VariantName = "[No Variations]"
Add component (AddParameter): Name = "Output Type"; Value = "Phototransistor"; VariantName = "[No Variations]"
Add component (AddParameter): Name = "Package Quantity"; Value = "1000"; VariantName = "[No Variations]"
Add component (AddParameter): Name = "Packaging"; Value = "Tape and Reel"; VariantName = "[No Variations]"
Add component (AddParameter): Name = "Power Dissipation"; Value = "75mW"; VariantName = "[No Variations]"
Add component (AddParameter): Name = "Radiation Hardening"; Value = "No"; VariantName = "[No Variations]"
Add component (AddParameter): Name = "REACH SVHC"; Value = "No SVHC"; VariantName = "[No Variations]"
Add component (AddParameter): Name = "Response Time"; Value = "20us"; VariantName = "[No Variations]"
Add component (AddParameter): Name = "Reverse Breakdown Voltage"; Value = "5V"; VariantName = "[No Variations]"
Add component (AddParameter): Name = "Reverse Voltage (DC)"; Value = "5V"; VariantName = "[No Variations]"
Add component (AddParameter): Name = "Rise Time"; Value = "20us"; VariantName = "[No Variations]"
Add component (AddParameter): Name = "Sensing Distance"; Value = "0.197inch"; VariantName = "[No Variations]"
Add component (AddParameter): Name = "Wavelength"; Value = "940nm"; VariantName = "[No Variations]"
Add component (AddParameter): Name = "Weight"; Value = "0.078g"; VariantName = "[No Variations]"
Add component (AddParameter): Name = "Width"; Value = "2.9mm"; VariantName = "[No Variations]"
Added Component: Designator=U14(FP-100CY-MFG)
Add component (AddParameter): Name = "Case/Package"; Value = "SMD/SMT"; VariantName = "[No Variations]"
Add component (AddParameter): Name = "Collector Emitter Breakdown Voltage"; Value = "30V"; VariantName = "[No Variations]"
Add component (AddParameter): Name = "Collector Emitter Voltage (VCEO)"; Value = "30V"; VariantName = "[No Variations]"
Add component (AddParameter): Name = "Contact Plating"; Value = "Tin"; VariantName = "[No Variations]"
Add component (AddParameter): Name = "Fall Time"; Value = "20us"; VariantName = "[No Variations]"
Add component (AddParameter): Name = "Forward Current"; Value = "50mA"; VariantName = "[No Variations]"
Add component (AddParameter): Name = "Forward Voltage"; Value = "1.2V"; VariantName = "[No Variations]"
Add component (AddParameter): Name = "Height"; Value = "1.7mm"; VariantName = "[No Variations]"
Add component (AddParameter): Name = "Input Current"; Value = "50mA"; VariantName = "[No Variations]"
Add component (AddParameter): Name = "Lead Free"; Value = "Lead Free"; VariantName = "[No Variations]"
Add component (AddParameter): Name = "Length"; Value = "3.6mm"; VariantName = "[No Variations]"
Add component (AddParameter): Name = "Max Breakdown Voltage"; Value = "30V"; VariantName = "[No Variations]"
Add component (AddParameter): Name = "Max Collector Current"; Value = "20mA"; VariantName = "[No Variations]"
Add component (AddParameter): Name = "Max Operating Temperature"; Value = "85°C"; VariantName = "[No Variations]"
Add component (AddParameter): Name = "Max Power Dissipation"; Value = "75mW"; VariantName = "[No Variations]"
Add component (AddParameter): Name = "Min Operating Temperature"; Value = "-40°C"; VariantName = "[No Variations]"
Add component (AddParameter): Name = "Mount"; Value = "Surface Mount"; VariantName = "[No Variations]"
Add component (AddParameter): Name = "Number of Channels"; Value = "1"; VariantName = "[No Variations]"
Add component (AddParameter): Name = "Number of Elements"; Value = "1"; VariantName = "[No Variations]"
Add component (AddParameter): Name = "Number of Pins"; Value = "4"; VariantName = "[No Variations]"
Add component (AddParameter): Name = "Operating Supply Voltage"; Value = "1.7V"; VariantName = "[No Variations]"
Add component (AddParameter): Name = "Output Type"; Value = "Phototransistor"; VariantName = "[No Variations]"
Add component (AddParameter): Name = "Package Quantity"; Value = "1000"; VariantName = "[No Variations]"
Add component (AddParameter): Name = "Packaging"; Value = "Tape and Reel"; VariantName = "[No Variations]"
Add component (AddParameter): Name = "Power Dissipation"; Value = "75mW"; VariantName = "[No Variations]"
Add component (AddParameter): Name = "Radiation Hardening"; Value = "No"; VariantName = "[No Variations]"
Add component (AddParameter): Name = "REACH SVHC"; Value = "No SVHC"; VariantName = "[No Variations]"
Add component (AddParameter): Name = "Response Time"; Value = "20us"; VariantName = "[No Variations]"
Add component (AddParameter): Name = "Reverse Breakdown Voltage"; Value = "5V"; VariantName = "[No Variations]"
Add component (AddParameter): Name = "Reverse Voltage (DC)"; Value = "5V"; VariantName = "[No Variations]"
Add component (AddParameter): Name = "Rise Time"; Value = "20us"; VariantName = "[No Variations]"
Add component (AddParameter): Name = "Sensing Distance"; Value = "0.197inch"; VariantName = "[No Variations]"
Add component (AddParameter): Name = "Wavelength"; Value = "940nm"; VariantName = "[No Variations]"
Add component (AddParameter): Name = "Weight"; Value = "0.078g"; VariantName = "[No Variations]"
Add component (AddParameter): Name = "Width"; Value = "2.9mm"; VariantName = "[No Variations]"
Added Component: Designator=U15(FP-DW0024A-MFG)
Add component (AddParameter): Name = "Ambient Temperature Range High"; Value = "+125°C"; VariantName = "[No Variations]"
Add component (AddParameter): Name = "Ambient Temperature Range Low"; Value = "-55°C"; VariantName = "[No Variations]"
Add component (AddParameter): Name = "Automotive"; Value = "No"; VariantName = "[No Variations]"
Add component (AddParameter): Name = "Category"; Value = "IC"; VariantName = "[No Variations]"
Add component (AddParameter): Name = "ComponentLink2Description"; Value = "Datasheet"; VariantName = "[No Variations]"
Add component (AddParameter): Name = "ComponentLink2URL"; Value = "http://www.ti.com/lit/ds/symlink/cd74hc4067.pdf"; VariantName = "[No Variations]"
Add component (AddParameter): Name = "Device Class L1"; Value = "Integrated Circuits (ICs)"; VariantName = "[No Variations]"
Add component (AddParameter): Name = "Device Class L2"; Value = "Logic ICs"; VariantName = "[No Variations]"
Add component (AddParameter): Name = "Device Class L3"; Value = "Multiplexers"; VariantName = "[No Variations]"
Add component (AddParameter): Name = "Digikey Description"; Value = "IC MUX/DEMUX 1X16 24SOIC"; VariantName = "[No Variations]"
Add component (AddParameter): Name = "Height"; Value = "2.65mm"; VariantName = "[No Variations]"
Add component (AddParameter): Name = "Ipc Land Pattern Name"; Value = "SOIC127P1030X265-24"; VariantName = "[No Variations]"
Add component (AddParameter): Name = "Lead Free"; Value = "Yes"; VariantName = "[No Variations]"
Add component (AddParameter): Name = "Logic Function Desc"; Value = "Non-Inverting"; VariantName = "[No Variations]"
Add component (AddParameter): Name = "Manufacturer"; Value = "Texas Instruments"; VariantName = "[No Variations]"
Add component (AddParameter): Name = "Manufacturer Part Number"; Value = "CD74HC4067M96"; VariantName = "[No Variations]"
Add component (AddParameter): Name = "Max Junction Temp"; Value = "+150°C"; VariantName = "[No Variations]"
Add component (AddParameter): Name = "Max Supply Voltage"; Value = "6V"; VariantName = "[No Variations]"
Add component (AddParameter): Name = "Min Supply Voltage"; Value = "2V"; VariantName = "[No Variations]"
Add component (AddParameter): Name = "Mouser Description"; Value = "Multiplexer Switch ICs Hi-Spd CMOS 16Ch Anl Mltplxr/Demltplxr"; VariantName = "[No Variations]"
Add component (AddParameter): Name = "Number Of Circuits"; Value = "1"; VariantName = "[No Variations]"
Add component (AddParameter): Name = "Number Of Inputs"; Value = "16"; VariantName = "[No Variations]"
Add component (AddParameter): Name = "Number Of Outputs"; Value = "1"; VariantName = "[No Variations]"
Add component (AddParameter): Name = "Octopart"; Value = "https://octopart.com/cd74hc4067m96-texas+instruments-722802"; VariantName = "[No Variations]"
Add component (AddParameter): Name = "Package"; Value = "DW0024A"; VariantName = "[No Variations]"
Add component (AddParameter): Name = "Propagation Delay"; Value = "6ns"; VariantName = "[No Variations]"
Add component (AddParameter): Name = "Quiescent Current"; Value = "8uA"; VariantName = "[No Variations]"
Add component (AddParameter): Name = "RoHS"; Value = "TRUE"; VariantName = "[No Variations]"
Add component (AddParameter): Name = "Standoff Height"; Value = "0.1mm"; VariantName = "[No Variations]"
Add component (AddParameter): Name = "Temperature"; Value = "-55°C to +125°C"; VariantName = "[No Variations]"
Add component (AddParameter): Name = "Temperature Range High"; Value = "+125°C"; VariantName = "[No Variations]"
Add component (AddParameter): Name = "Temperature Range Low"; Value = "-55°C"; VariantName = "[No Variations]"
Added Pin To Net: NetName=+5 Pin=J?-6
Added Pin To Net: NetName=+5 Pin=R1-2
Added Pin To Net: NetName=+5 Pin=R2-2
Added Pin To Net: NetName=+5 Pin=R3-2
Added Pin To Net: NetName=+5 Pin=R4-2
Added Pin To Net: NetName=+5 Pin=R5-2
Added Pin To Net: NetName=+5 Pin=R6-2
Added Pin To Net: NetName=+5 Pin=R7-2
Added Pin To Net: NetName=+5 Pin=R8-2
Added Pin To Net: NetName=+5 Pin=R13-2
Added Pin To Net: NetName=+5 Pin=R14-2
Added Pin To Net: NetName=+5 Pin=R15-2
Added Pin To Net: NetName=+5 Pin=R16-2
Added Pin To Net: NetName=+5 Pin=R17-2
Added Pin To Net: NetName=+5 Pin=R18-2
Added Pin To Net: NetName=+5 Pin=R19-2
Added Pin To Net: NetName=+5 Pin=R20-2
Added Pin To Net: NetName=+5 Pin=R25-2
Added Pin To Net: NetName=+5 Pin=R26-2
Added Pin To Net: NetName=+5 Pin=R27-2
Added Pin To Net: NetName=+5 Pin=R28-2
Added Pin To Net: NetName=+5 Pin=R29-2
Added Pin To Net: NetName=+5 Pin=R30-2
Added Pin To Net: NetName=+5 Pin=R34-2
Added Pin To Net: NetName=+5 Pin=R35-2
Added Pin To Net: NetName=+5 Pin=R36-2
Added Pin To Net: NetName=+5 Pin=R37-2
Added Pin To Net: NetName=+5 Pin=R38-2
Added Pin To Net: NetName=+5 Pin=R39-2
Added Pin To Net: NetName=+5 Pin=R?-2
Added Pin To Net: NetName=+5 Pin=U15-24
Added Net: Name=+5
Added Pin To Net: NetName=GND Pin=J?-7
Added Pin To Net: NetName=GND Pin=J?-8
Added Pin To Net: NetName=GND Pin=LED?-1
Added Pin To Net: NetName=GND Pin=U1-2
Added Pin To Net: NetName=GND Pin=U1-4
Added Pin To Net: NetName=GND Pin=U2-2
Added Pin To Net: NetName=GND Pin=U2-4
Added Pin To Net: NetName=GND Pin=U3-2
Added Pin To Net: NetName=GND Pin=U3-4
Added Pin To Net: NetName=GND Pin=U4-2
Added Pin To Net: NetName=GND Pin=U4-4
Added Pin To Net: NetName=GND Pin=U5-2
Added Pin To Net: NetName=GND Pin=U5-4
Added Pin To Net: NetName=GND Pin=U6-2
Added Pin To Net: NetName=GND Pin=U6-4
Added Pin To Net: NetName=GND Pin=U7-2
Added Pin To Net: NetName=GND Pin=U7-4
Added Pin To Net: NetName=GND Pin=U8-2
Added Pin To Net: NetName=GND Pin=U8-4
Added Pin To Net: NetName=GND Pin=U9-2
Added Pin To Net: NetName=GND Pin=U9-4
Added Pin To Net: NetName=GND Pin=U10-2
Added Pin To Net: NetName=GND Pin=U10-4
Added Pin To Net: NetName=GND Pin=U11-2
Added Pin To Net: NetName=GND Pin=U11-4
Added Pin To Net: NetName=GND Pin=U12-2
Added Pin To Net: NetName=GND Pin=U12-4
Added Pin To Net: NetName=GND Pin=U13-2
Added Pin To Net: NetName=GND Pin=U13-4
Added Pin To Net: NetName=GND Pin=U14-2
Added Pin To Net: NetName=GND Pin=U14-4
Added Pin To Net: NetName=GND Pin=U15-12
Added Pin To Net: NetName=GND Pin=U15-15
Added Pin To Net: NetName=GND Pin=U15-16
Added Pin To Net: NetName=GND Pin=U15-17
Added Net: Name=GND
Added Pin To Net: NetName=MUX_OUTPUT Pin=J?-1
Added Pin To Net: NetName=MUX_OUTPUT Pin=U15-1
Added Net: Name=MUX_OUTPUT
Added Pin To Net: NetName=NetLED?_2 Pin=LED?-2
Added Pin To Net: NetName=NetLED?_2 Pin=R?-1
Added Net: Name=NetLED?_2
Added Pin To Net: NetName=NetR1_1 Pin=R1-1
Added Pin To Net: NetName=NetR1_1 Pin=U1-1
Added Net: Name=NetR1_1
Added Pin To Net: NetName=NetR2_1 Pin=R2-1
Added Pin To Net: NetName=NetR2_1 Pin=U2-1
Added Net: Name=NetR2_1
Added Pin To Net: NetName=NetR3_1 Pin=R3-1
Added Pin To Net: NetName=NetR3_1 Pin=U3-1
Added Net: Name=NetR3_1
Added Pin To Net: NetName=NetR4_1 Pin=R4-1
Added Pin To Net: NetName=NetR4_1 Pin=U4-1
Added Net: Name=NetR4_1
Added Pin To Net: NetName=NetR5_1 Pin=R5-1
Added Pin To Net: NetName=NetR5_1 Pin=R9-1
Added Pin To Net: NetName=NetR5_1 Pin=U1-3
Added Net: Name=NetR5_1
Added Pin To Net: NetName=NetR6_1 Pin=R6-1
Added Pin To Net: NetName=NetR6_1 Pin=R10-1
Added Pin To Net: NetName=NetR6_1 Pin=U2-3
Added Net: Name=NetR6_1
Added Pin To Net: NetName=NetR7_1 Pin=R7-1
Added Pin To Net: NetName=NetR7_1 Pin=R11-1
Added Pin To Net: NetName=NetR7_1 Pin=U3-3
Added Net: Name=NetR7_1
Added Pin To Net: NetName=NetR8_1 Pin=R8-1
Added Pin To Net: NetName=NetR8_1 Pin=R12-1
Added Pin To Net: NetName=NetR8_1 Pin=U4-3
Added Net: Name=NetR8_1
Added Pin To Net: NetName=NetR13_1 Pin=R13-1
Added Pin To Net: NetName=NetR13_1 Pin=U5-1
Added Net: Name=NetR13_1
Added Pin To Net: NetName=NetR14_1 Pin=R14-1
Added Pin To Net: NetName=NetR14_1 Pin=U6-1
Added Net: Name=NetR14_1
Added Pin To Net: NetName=NetR15_1 Pin=R15-1
Added Pin To Net: NetName=NetR15_1 Pin=U7-1
Added Net: Name=NetR15_1
Added Pin To Net: NetName=NetR16_1 Pin=R16-1
Added Pin To Net: NetName=NetR16_1 Pin=U8-1
Added Net: Name=NetR16_1
Added Pin To Net: NetName=NetR17_1 Pin=R17-1
Added Pin To Net: NetName=NetR17_1 Pin=R21-1
Added Pin To Net: NetName=NetR17_1 Pin=U5-3
Added Net: Name=NetR17_1
Added Pin To Net: NetName=NetR18_1 Pin=R18-1
Added Pin To Net: NetName=NetR18_1 Pin=R22-1
Added Pin To Net: NetName=NetR18_1 Pin=U6-3
Added Net: Name=NetR18_1
Added Pin To Net: NetName=NetR19_1 Pin=R19-1
Added Pin To Net: NetName=NetR19_1 Pin=R23-1
Added Pin To Net: NetName=NetR19_1 Pin=U7-3
Added Net: Name=NetR19_1
Added Pin To Net: NetName=NetR20_1 Pin=R20-1
Added Pin To Net: NetName=NetR20_1 Pin=R24-1
Added Pin To Net: NetName=NetR20_1 Pin=U8-3
Added Net: Name=NetR20_1
Added Pin To Net: NetName=NetR25_1 Pin=R25-1
Added Pin To Net: NetName=NetR25_1 Pin=U9-1
Added Net: Name=NetR25_1
Added Pin To Net: NetName=NetR26_1 Pin=R26-1
Added Pin To Net: NetName=NetR26_1 Pin=U10-1
Added Net: Name=NetR26_1
Added Pin To Net: NetName=NetR27_1 Pin=R27-1
Added Pin To Net: NetName=NetR27_1 Pin=U11-1
Added Net: Name=NetR27_1
Added Pin To Net: NetName=NetR28_1 Pin=R28-1
Added Pin To Net: NetName=NetR28_1 Pin=R31-1
Added Pin To Net: NetName=NetR28_1 Pin=U9-3
Added Net: Name=NetR28_1
Added Pin To Net: NetName=NetR29_1 Pin=R29-1
Added Pin To Net: NetName=NetR29_1 Pin=R32-1
Added Pin To Net: NetName=NetR29_1 Pin=U10-3
Added Net: Name=NetR29_1
Added Pin To Net: NetName=NetR30_1 Pin=R30-1
Added Pin To Net: NetName=NetR30_1 Pin=R33-1
Added Pin To Net: NetName=NetR30_1 Pin=U11-3
Added Net: Name=NetR30_1
Added Pin To Net: NetName=NetR34_1 Pin=R34-1
Added Pin To Net: NetName=NetR34_1 Pin=U12-1
Added Net: Name=NetR34_1
Added Pin To Net: NetName=NetR35_1 Pin=R35-1
Added Pin To Net: NetName=NetR35_1 Pin=U13-1
Added Net: Name=NetR35_1
Added Pin To Net: NetName=NetR36_1 Pin=R36-1
Added Pin To Net: NetName=NetR36_1 Pin=U14-1
Added Net: Name=NetR36_1
Added Pin To Net: NetName=NetR37_1 Pin=R37-1
Added Pin To Net: NetName=NetR37_1 Pin=R40-1
Added Pin To Net: NetName=NetR37_1 Pin=U12-3
Added Net: Name=NetR37_1
Added Pin To Net: NetName=NetR38_1 Pin=R38-1
Added Pin To Net: NetName=NetR38_1 Pin=R41-1
Added Pin To Net: NetName=NetR38_1 Pin=U13-3
Added Net: Name=NetR38_1
Added Pin To Net: NetName=NetR39_1 Pin=R39-1
Added Pin To Net: NetName=NetR39_1 Pin=R42-1
Added Pin To Net: NetName=NetR39_1 Pin=U14-3
Added Net: Name=NetR39_1
Added Pin To Net: NetName=SENS_MUX_A Pin=J?-2
Added Pin To Net: NetName=SENS_MUX_A Pin=U15-10
Added Net: Name=SENS_MUX_A
Added Pin To Net: NetName=SENS_MUX_B Pin=J?-3
Added Pin To Net: NetName=SENS_MUX_B Pin=U15-11
Added Net: Name=SENS_MUX_B
Added Pin To Net: NetName=SENS_MUX_C Pin=J?-4
Added Pin To Net: NetName=SENS_MUX_C Pin=U15-14
Added Net: Name=SENS_MUX_C
Added Pin To Net: NetName=SENS_MUX_D Pin=J?-5
Added Pin To Net: NetName=SENS_MUX_D Pin=U15-13
Added Net: Name=SENS_MUX_D
Added Pin To Net: NetName=sense_1 Pin=R9-2
Added Pin To Net: NetName=sense_1 Pin=U15-9
Added Net: Name=sense_1
Added Pin To Net: NetName=sense_2 Pin=R10-2
Added Pin To Net: NetName=sense_2 Pin=U15-8
Added Net: Name=sense_2
Added Pin To Net: NetName=sense_3 Pin=R11-2
Added Pin To Net: NetName=sense_3 Pin=U15-7
Added Net: Name=sense_3
Added Pin To Net: NetName=sense_4 Pin=R12-2
Added Pin To Net: NetName=sense_4 Pin=U15-6
Added Net: Name=sense_4
Added Pin To Net: NetName=sense_5 Pin=R21-2
Added Pin To Net: NetName=sense_5 Pin=U15-5
Added Net: Name=sense_5
Added Pin To Net: NetName=sense_6 Pin=R22-2
Added Pin To Net: NetName=sense_6 Pin=U15-4
Added Net: Name=sense_6
Added Pin To Net: NetName=sense_7 Pin=R23-2
Added Pin To Net: NetName=sense_7 Pin=U15-3
Added Net: Name=sense_7
Added Pin To Net: NetName=sense_8 Pin=R24-2
Added Pin To Net: NetName=sense_8 Pin=U15-2
Added Net: Name=sense_8
Added Pin To Net: NetName=sense_9 Pin=R31-2
Added Pin To Net: NetName=sense_9 Pin=U15-23
Added Net: Name=sense_9
Added Pin To Net: NetName=sense_10 Pin=R32-2
Added Pin To Net: NetName=sense_10 Pin=U15-22
Added Net: Name=sense_10
Added Pin To Net: NetName=sense_11 Pin=R33-2
Added Pin To Net: NetName=sense_11 Pin=U15-21
Added Net: Name=sense_11
Added Pin To Net: NetName=sense_12 Pin=R40-2
Added Pin To Net: NetName=sense_12 Pin=U15-20
Added Net: Name=sense_12
Added Pin To Net: NetName=sense_13 Pin=R41-2
Added Pin To Net: NetName=sense_13 Pin=U15-19
Added Net: Name=sense_13
Added Pin To Net: NetName=sense_14 Pin=R42-2
Added Pin To Net: NetName=sense_14 Pin=U15-18
Added Net: Name=sense_14
Added Class: Name=board
Added Class: Name=sensor
Added Rule: Name=Schematic Supply Nets
Added Rule: Name=Schematic Supply Nets_1
Added Rule: Name=Schematic Supply Nets_2
Added Rule: Name=Schematic Supply Nets_3
Added Rule: Name=Schematic Supply Nets_4
Added Rule: Name=Schematic Supply Nets_5
Added Rule: Name=Schematic Supply Nets_6
Added Rule: Name=Schematic Supply Nets_7
Added Rule: Name=Schematic Supply Nets_8
Added Rule: Name=Schematic Supply Nets_9
Added Rule: Name=Schematic Supply Nets_10
Added Rule: Name=Schematic Supply Nets_11
Added Rule: Name=Schematic Supply Nets_12
Added Rule: Name=Schematic Supply Nets_13
Added Rule: Name=Schematic Supply Nets_14
Added Rule: Name=Schematic Supply Nets_15
