Added Component: Designator=R3(FP-RNCP1206-IPC_B)
Add component (AddParameter): Name = "Case Code (Imperial)"; Value = "1206"; VariantName = "[No Variations]"
Add component (AddParameter): Name = "Case Code (Metric)"; Value = "3216"; VariantName = "[No Variations]"
Add component (AddParameter): Name = "Case/Package"; Value = "1206"; VariantName = "[No Variations]"
Add component (AddParameter): Name = "Features"; Value = "Moisture Resistant"; VariantName = "[No Variations]"
Add component (AddParameter): Name = "Height"; Value = "0.024inch"; VariantName = "[No Variations]"
Add component (AddParameter): Name = "Lead Free"; Value = "Lead Free"; VariantName = "[No Variations]"
Add component (AddParameter): Name = "Length"; Value = "0.122inch"; VariantName = "[No Variations]"
Add component (AddParameter): Name = "Max Operating Temperature"; Value = "155°C"; VariantName = "[No Variations]"
Add component (AddParameter): Name = "Max Power Dissipation"; Value = "500mW"; VariantName = "[No Variations]"
Add component (AddParameter): Name = "Min Operating Temperature"; Value = "-55°C"; VariantName = "[No Variations]"
Add component (AddParameter): Name = "Mount"; Value = "Surface Mount"; VariantName = "[No Variations]"
Add component (AddParameter): Name = "Number of Terminations"; Value = "2"; VariantName = "[No Variations]"
Add component (AddParameter): Name = "Packaging"; Value = "Tape and Reel"; VariantName = "[No Variations]"
Add component (AddParameter): Name = "Resistance"; Value = "200R"; VariantName = "[No Variations]"
Add component (AddParameter): Name = "Resistor Type"; Value = "Thin Film"; VariantName = "[No Variations]"
Add component (AddParameter): Name = "RoHS Compliant"; Value = "Yes"; VariantName = "[No Variations]"
Add component (AddParameter): Name = "Series"; Value = "RNCP"; VariantName = "[No Variations]"
Add component (AddParameter): Name = "Temperature Coefficient"; Value = "100ppm/°C"; VariantName = "[No Variations]"
Add component (AddParameter): Name = "Tolerance"; Value = "1%"; VariantName = "[No Variations]"
Add component (AddParameter): Name = "Width"; Value = "0.059inch"; VariantName = "[No Variations]"
Added Component: Designator=R4(FP-RNCP1206-IPC_B)
Add component (AddParameter): Name = "Case Code (Imperial)"; Value = "1206"; VariantName = "[No Variations]"
Add component (AddParameter): Name = "Case Code (Metric)"; Value = "3216"; VariantName = "[No Variations]"
Add component (AddParameter): Name = "Case/Package"; Value = "1206"; VariantName = "[No Variations]"
Add component (AddParameter): Name = "Features"; Value = "Moisture Resistant"; VariantName = "[No Variations]"
Add component (AddParameter): Name = "Height"; Value = "0.024inch"; VariantName = "[No Variations]"
Add component (AddParameter): Name = "Lead Free"; Value = "Lead Free"; VariantName = "[No Variations]"
Add component (AddParameter): Name = "Length"; Value = "0.122inch"; VariantName = "[No Variations]"
Add component (AddParameter): Name = "Max Operating Temperature"; Value = "155°C"; VariantName = "[No Variations]"
Add component (AddParameter): Name = "Max Power Dissipation"; Value = "500mW"; VariantName = "[No Variations]"
Add component (AddParameter): Name = "Min Operating Temperature"; Value = "-55°C"; VariantName = "[No Variations]"
Add component (AddParameter): Name = "Mount"; Value = "Surface Mount"; VariantName = "[No Variations]"
Add component (AddParameter): Name = "Number of Terminations"; Value = "2"; VariantName = "[No Variations]"
Add component (AddParameter): Name = "Packaging"; Value = "Tape and Reel"; VariantName = "[No Variations]"
Add component (AddParameter): Name = "Resistance"; Value = "200R"; VariantName = "[No Variations]"
Add component (AddParameter): Name = "Resistor Type"; Value = "Thin Film"; VariantName = "[No Variations]"
Add component (AddParameter): Name = "RoHS Compliant"; Value = "Yes"; VariantName = "[No Variations]"
Add component (AddParameter): Name = "Series"; Value = "RNCP"; VariantName = "[No Variations]"
Add component (AddParameter): Name = "Temperature Coefficient"; Value = "100ppm/°C"; VariantName = "[No Variations]"
Add component (AddParameter): Name = "Tolerance"; Value = "1%"; VariantName = "[No Variations]"
Add component (AddParameter): Name = "Width"; Value = "0.059inch"; VariantName = "[No Variations]"
Added Component: Designator=R7(FP-CRGCQ1206-IPC_C)
Add component (AddParameter): Name = "Ambient Temperature Range High"; Value = "+70°C"; VariantName = "[No Variations]"
Add component (AddParameter): Name = "Automotive"; Value = "Yes"; VariantName = "[No Variations]"
Add component (AddParameter): Name = "Automotive Grade"; Value = "Grade 914"; VariantName = "[No Variations]"
Add component (AddParameter): Name = "Category"; Value = "Res"; VariantName = "[No Variations]"
Add component (AddParameter): Name = "ComponentLink2Description"; Value = "Datasheet"; VariantName = "[No Variations]"
Add component (AddParameter): Name = "ComponentLink2URL"; Value = "https://www.te.com/commerce/DocumentDelivery/DDEController?Action=showdoc&DocId=Data+Sheet%7F1773204-3%7F1%7Fpdf%7FEnglish%7FENG_DS_1773204-3_1.pdf%7F4-2176347-923"; VariantName = "[No Variations]"
Add component (AddParameter): Name = "Composition"; Value = "Thick Film"; VariantName = "[No Variations]"
Add component (AddParameter): Name = "Device Class L1"; Value = "Passive Components"; VariantName = "[No Variations]"
Add component (AddParameter): Name = "Device Class L2"; Value = "Resistors"; VariantName = "[No Variations]"
Add component (AddParameter): Name = "Device Class L3"; Value = "Chip SMD Resistors"; VariantName = "[No Variations]"
Add component (AddParameter): Name = "Height"; Value = "0.65mm"; VariantName = "[No Variations]"
Add component (AddParameter): Name = "Ipc Land Pattern Name"; Value = "RESC310155X55"; VariantName = "[No Variations]"
Add component (AddParameter): Name = "Lead Free"; Value = "Yes"; VariantName = "[No Variations]"
Add component (AddParameter): Name = "Manufacturer"; Value = "TE Connectivity"; VariantName = "[No Variations]"
Add component (AddParameter): Name = "Manufacturer Part Number"; Value = "CRGCQ1206J10K"; VariantName = "[No Variations]"
Add component (AddParameter): Name = "Octopart"; Value = "https://octopart.com/crgcq1206j10k-te+connectivity-91018305"; VariantName = "[No Variations]"
Add component (AddParameter): Name = "Package"; Value = "CRGCQ1206"; VariantName = "[No Variations]"
Add component (AddParameter): Name = "Power Rating"; Value = "0.25W"; VariantName = "[No Variations]"
Add component (AddParameter): Name = "Resistance"; Value = "10KO"; VariantName = "[No Variations]"
Add component (AddParameter): Name = "RoHS"; Value = "TRUE"; VariantName = "[No Variations]"
Add component (AddParameter): Name = "Series"; Value = "CRGCQ"; VariantName = "[No Variations]"
Add component (AddParameter): Name = "Temperature"; Value = "-55°C to +155°C"; VariantName = "[No Variations]"
Add component (AddParameter): Name = "Temperature Coefficient"; Value = "±100ppm/°C"; VariantName = "[No Variations]"
Add component (AddParameter): Name = "Temperature Range High"; Value = "+155°C"; VariantName = "[No Variations]"
Add component (AddParameter): Name = "Temperature Range Low"; Value = "-55°C"; VariantName = "[No Variations]"
Add component (AddParameter): Name = "Tolerance"; Value = "0.05"; VariantName = "[No Variations]"
Add component (AddParameter): Name = "Value"; Value = "10KO"; VariantName = "[No Variations]"
Add component (AddParameter): Name = "Voltage Rating"; Value = "200V"; VariantName = "[No Variations]"
Added Component: Designator=R8(FP-CRGCQ1206-IPC_C)
Add component (AddParameter): Name = "Ambient Temperature Range High"; Value = "+70°C"; VariantName = "[No Variations]"
Add component (AddParameter): Name = "Automotive"; Value = "Yes"; VariantName = "[No Variations]"
Add component (AddParameter): Name = "Automotive Grade"; Value = "Grade 914"; VariantName = "[No Variations]"
Add component (AddParameter): Name = "Category"; Value = "Res"; VariantName = "[No Variations]"
Add component (AddParameter): Name = "ComponentLink2Description"; Value = "Datasheet"; VariantName = "[No Variations]"
Add component (AddParameter): Name = "ComponentLink2URL"; Value = "https://www.te.com/commerce/DocumentDelivery/DDEController?Action=showdoc&DocId=Data+Sheet%7F1773204-3%7F1%7Fpdf%7FEnglish%7FENG_DS_1773204-3_1.pdf%7F4-2176347-923"; VariantName = "[No Variations]"
Add component (AddParameter): Name = "Composition"; Value = "Thick Film"; VariantName = "[No Variations]"
Add component (AddParameter): Name = "Device Class L1"; Value = "Passive Components"; VariantName = "[No Variations]"
Add component (AddParameter): Name = "Device Class L2"; Value = "Resistors"; VariantName = "[No Variations]"
Add component (AddParameter): Name = "Device Class L3"; Value = "Chip SMD Resistors"; VariantName = "[No Variations]"
Add component (AddParameter): Name = "Height"; Value = "0.65mm"; VariantName = "[No Variations]"
Add component (AddParameter): Name = "Ipc Land Pattern Name"; Value = "RESC310155X55"; VariantName = "[No Variations]"
Add component (AddParameter): Name = "Lead Free"; Value = "Yes"; VariantName = "[No Variations]"
Add component (AddParameter): Name = "Manufacturer"; Value = "TE Connectivity"; VariantName = "[No Variations]"
Add component (AddParameter): Name = "Manufacturer Part Number"; Value = "CRGCQ1206J10K"; VariantName = "[No Variations]"
Add component (AddParameter): Name = "Octopart"; Value = "https://octopart.com/crgcq1206j10k-te+connectivity-91018305"; VariantName = "[No Variations]"
Add component (AddParameter): Name = "Package"; Value = "CRGCQ1206"; VariantName = "[No Variations]"
Add component (AddParameter): Name = "Power Rating"; Value = "0.25W"; VariantName = "[No Variations]"
Add component (AddParameter): Name = "Resistance"; Value = "10KO"; VariantName = "[No Variations]"
Add component (AddParameter): Name = "RoHS"; Value = "TRUE"; VariantName = "[No Variations]"
Add component (AddParameter): Name = "Series"; Value = "CRGCQ"; VariantName = "[No Variations]"
Add component (AddParameter): Name = "Temperature"; Value = "-55°C to +155°C"; VariantName = "[No Variations]"
Add component (AddParameter): Name = "Temperature Coefficient"; Value = "±100ppm/°C"; VariantName = "[No Variations]"
Add component (AddParameter): Name = "Temperature Range High"; Value = "+155°C"; VariantName = "[No Variations]"
Add component (AddParameter): Name = "Temperature Range Low"; Value = "-55°C"; VariantName = "[No Variations]"
Add component (AddParameter): Name = "Tolerance"; Value = "0.05"; VariantName = "[No Variations]"
Add component (AddParameter): Name = "Value"; Value = "10KO"; VariantName = "[No Variations]"
Add component (AddParameter): Name = "Voltage Rating"; Value = "200V"; VariantName = "[No Variations]"
Added Component: Designator=R9(FP-RNCP1206-IPC_B)
Add component (AddParameter): Name = "Case Code (Imperial)"; Value = "1206"; VariantName = "[No Variations]"
Add component (AddParameter): Name = "Case Code (Metric)"; Value = "3216"; VariantName = "[No Variations]"
Add component (AddParameter): Name = "Case/Package"; Value = "1206"; VariantName = "[No Variations]"
Add component (AddParameter): Name = "Features"; Value = "Moisture Resistant"; VariantName = "[No Variations]"
Add component (AddParameter): Name = "Height"; Value = "0.024inch"; VariantName = "[No Variations]"
Add component (AddParameter): Name = "Lead Free"; Value = "Lead Free"; VariantName = "[No Variations]"
Add component (AddParameter): Name = "Length"; Value = "0.122inch"; VariantName = "[No Variations]"
Add component (AddParameter): Name = "Max Operating Temperature"; Value = "155°C"; VariantName = "[No Variations]"
Add component (AddParameter): Name = "Max Power Dissipation"; Value = "500mW"; VariantName = "[No Variations]"
Add component (AddParameter): Name = "Min Operating Temperature"; Value = "-55°C"; VariantName = "[No Variations]"
Add component (AddParameter): Name = "Mount"; Value = "Surface Mount"; VariantName = "[No Variations]"
Add component (AddParameter): Name = "Number of Terminations"; Value = "2"; VariantName = "[No Variations]"
Add component (AddParameter): Name = "Packaging"; Value = "Tape and Reel"; VariantName = "[No Variations]"
Add component (AddParameter): Name = "Resistance"; Value = "200R"; VariantName = "[No Variations]"
Add component (AddParameter): Name = "Resistor Type"; Value = "Thin Film"; VariantName = "[No Variations]"
Add component (AddParameter): Name = "RoHS Compliant"; Value = "Yes"; VariantName = "[No Variations]"
Add component (AddParameter): Name = "Series"; Value = "RNCP"; VariantName = "[No Variations]"
Add component (AddParameter): Name = "Temperature Coefficient"; Value = "100ppm/°C"; VariantName = "[No Variations]"
Add component (AddParameter): Name = "Tolerance"; Value = "1%"; VariantName = "[No Variations]"
Add component (AddParameter): Name = "Width"; Value = "0.059inch"; VariantName = "[No Variations]"
Added Component: Designator=R10(FP-RNCP1206-IPC_B)
Add component (AddParameter): Name = "Case Code (Imperial)"; Value = "1206"; VariantName = "[No Variations]"
Add component (AddParameter): Name = "Case Code (Metric)"; Value = "3216"; VariantName = "[No Variations]"
Add component (AddParameter): Name = "Case/Package"; Value = "1206"; VariantName = "[No Variations]"
Add component (AddParameter): Name = "Features"; Value = "Moisture Resistant"; VariantName = "[No Variations]"
Add component (AddParameter): Name = "Height"; Value = "0.024inch"; VariantName = "[No Variations]"
Add component (AddParameter): Name = "Lead Free"; Value = "Lead Free"; VariantName = "[No Variations]"
Add component (AddParameter): Name = "Length"; Value = "0.122inch"; VariantName = "[No Variations]"
Add component (AddParameter): Name = "Max Operating Temperature"; Value = "155°C"; VariantName = "[No Variations]"
Add component (AddParameter): Name = "Max Power Dissipation"; Value = "500mW"; VariantName = "[No Variations]"
Add component (AddParameter): Name = "Min Operating Temperature"; Value = "-55°C"; VariantName = "[No Variations]"
Add component (AddParameter): Name = "Mount"; Value = "Surface Mount"; VariantName = "[No Variations]"
Add component (AddParameter): Name = "Number of Terminations"; Value = "2"; VariantName = "[No Variations]"
Add component (AddParameter): Name = "Packaging"; Value = "Tape and Reel"; VariantName = "[No Variations]"
Add component (AddParameter): Name = "Resistance"; Value = "200R"; VariantName = "[No Variations]"
Add component (AddParameter): Name = "Resistor Type"; Value = "Thin Film"; VariantName = "[No Variations]"
Add component (AddParameter): Name = "RoHS Compliant"; Value = "Yes"; VariantName = "[No Variations]"
Add component (AddParameter): Name = "Series"; Value = "RNCP"; VariantName = "[No Variations]"
Add component (AddParameter): Name = "Temperature Coefficient"; Value = "100ppm/°C"; VariantName = "[No Variations]"
Add component (AddParameter): Name = "Tolerance"; Value = "1%"; VariantName = "[No Variations]"
Add component (AddParameter): Name = "Width"; Value = "0.059inch"; VariantName = "[No Variations]"
Added Component: Designator=R11(FP-RNCP1206-IPC_B)
Add component (AddParameter): Name = "Case Code (Imperial)"; Value = "1206"; VariantName = "[No Variations]"
Add component (AddParameter): Name = "Case Code (Metric)"; Value = "3216"; VariantName = "[No Variations]"
Add component (AddParameter): Name = "Case/Package"; Value = "1206"; VariantName = "[No Variations]"
Add component (AddParameter): Name = "Features"; Value = "Moisture Resistant"; VariantName = "[No Variations]"
Add component (AddParameter): Name = "Height"; Value = "0.024inch"; VariantName = "[No Variations]"
Add component (AddParameter): Name = "Lead Free"; Value = "Lead Free"; VariantName = "[No Variations]"
Add component (AddParameter): Name = "Length"; Value = "0.122inch"; VariantName = "[No Variations]"
Add component (AddParameter): Name = "Max Operating Temperature"; Value = "155°C"; VariantName = "[No Variations]"
Add component (AddParameter): Name = "Max Power Dissipation"; Value = "500mW"; VariantName = "[No Variations]"
Add component (AddParameter): Name = "Min Operating Temperature"; Value = "-55°C"; VariantName = "[No Variations]"
Add component (AddParameter): Name = "Mount"; Value = "Surface Mount"; VariantName = "[No Variations]"
Add component (AddParameter): Name = "Number of Terminations"; Value = "2"; VariantName = "[No Variations]"
Add component (AddParameter): Name = "Packaging"; Value = "Tape and Reel"; VariantName = "[No Variations]"
Add component (AddParameter): Name = "Resistance"; Value = "200R"; VariantName = "[No Variations]"
Add component (AddParameter): Name = "Resistor Type"; Value = "Thin Film"; VariantName = "[No Variations]"
Add component (AddParameter): Name = "RoHS Compliant"; Value = "Yes"; VariantName = "[No Variations]"
Add component (AddParameter): Name = "Series"; Value = "RNCP"; VariantName = "[No Variations]"
Add component (AddParameter): Name = "Temperature Coefficient"; Value = "100ppm/°C"; VariantName = "[No Variations]"
Add component (AddParameter): Name = "Tolerance"; Value = "1%"; VariantName = "[No Variations]"
Add component (AddParameter): Name = "Width"; Value = "0.059inch"; VariantName = "[No Variations]"
Added Component: Designator=R12(FP-RNCP1206-IPC_B)
Add component (AddParameter): Name = "Case Code (Imperial)"; Value = "1206"; VariantName = "[No Variations]"
Add component (AddParameter): Name = "Case Code (Metric)"; Value = "3216"; VariantName = "[No Variations]"
Add component (AddParameter): Name = "Case/Package"; Value = "1206"; VariantName = "[No Variations]"
Add component (AddParameter): Name = "Features"; Value = "Moisture Resistant"; VariantName = "[No Variations]"
Add component (AddParameter): Name = "Height"; Value = "0.024inch"; VariantName = "[No Variations]"
Add component (AddParameter): Name = "Lead Free"; Value = "Lead Free"; VariantName = "[No Variations]"
Add component (AddParameter): Name = "Length"; Value = "0.122inch"; VariantName = "[No Variations]"
Add component (AddParameter): Name = "Max Operating Temperature"; Value = "155°C"; VariantName = "[No Variations]"
Add component (AddParameter): Name = "Max Power Dissipation"; Value = "500mW"; VariantName = "[No Variations]"
Add component (AddParameter): Name = "Min Operating Temperature"; Value = "-55°C"; VariantName = "[No Variations]"
Add component (AddParameter): Name = "Mount"; Value = "Surface Mount"; VariantName = "[No Variations]"
Add component (AddParameter): Name = "Number of Terminations"; Value = "2"; VariantName = "[No Variations]"
Add component (AddParameter): Name = "Packaging"; Value = "Tape and Reel"; VariantName = "[No Variations]"
Add component (AddParameter): Name = "Resistance"; Value = "200R"; VariantName = "[No Variations]"
Add component (AddParameter): Name = "Resistor Type"; Value = "Thin Film"; VariantName = "[No Variations]"
Add component (AddParameter): Name = "RoHS Compliant"; Value = "Yes"; VariantName = "[No Variations]"
Add component (AddParameter): Name = "Series"; Value = "RNCP"; VariantName = "[No Variations]"
Add component (AddParameter): Name = "Temperature Coefficient"; Value = "100ppm/°C"; VariantName = "[No Variations]"
Add component (AddParameter): Name = "Tolerance"; Value = "1%"; VariantName = "[No Variations]"
Add component (AddParameter): Name = "Width"; Value = "0.059inch"; VariantName = "[No Variations]"
Added Component: Designator=R13(FP-CRGCQ1206-IPC_C)
Add component (AddParameter): Name = "Ambient Temperature Range High"; Value = "+70°C"; VariantName = "[No Variations]"
Add component (AddParameter): Name = "Automotive"; Value = "Yes"; VariantName = "[No Variations]"
Add component (AddParameter): Name = "Automotive Grade"; Value = "Grade 914"; VariantName = "[No Variations]"
Add component (AddParameter): Name = "Category"; Value = "Res"; VariantName = "[No Variations]"
Add component (AddParameter): Name = "ComponentLink2Description"; Value = "Datasheet"; VariantName = "[No Variations]"
Add component (AddParameter): Name = "ComponentLink2URL"; Value = "https://www.te.com/commerce/DocumentDelivery/DDEController?Action=showdoc&DocId=Data+Sheet%7F1773204-3%7F1%7Fpdf%7FEnglish%7FENG_DS_1773204-3_1.pdf%7F4-2176347-923"; VariantName = "[No Variations]"
Add component (AddParameter): Name = "Composition"; Value = "Thick Film"; VariantName = "[No Variations]"
Add component (AddParameter): Name = "Device Class L1"; Value = "Passive Components"; VariantName = "[No Variations]"
Add component (AddParameter): Name = "Device Class L2"; Value = "Resistors"; VariantName = "[No Variations]"
Add component (AddParameter): Name = "Device Class L3"; Value = "Chip SMD Resistors"; VariantName = "[No Variations]"
Add component (AddParameter): Name = "Height"; Value = "0.65mm"; VariantName = "[No Variations]"
Add component (AddParameter): Name = "Ipc Land Pattern Name"; Value = "RESC310155X55"; VariantName = "[No Variations]"
Add component (AddParameter): Name = "Lead Free"; Value = "Yes"; VariantName = "[No Variations]"
Add component (AddParameter): Name = "Manufacturer"; Value = "TE Connectivity"; VariantName = "[No Variations]"
Add component (AddParameter): Name = "Manufacturer Part Number"; Value = "CRGCQ1206J10K"; VariantName = "[No Variations]"
Add component (AddParameter): Name = "Octopart"; Value = "https://octopart.com/crgcq1206j10k-te+connectivity-91018305"; VariantName = "[No Variations]"
Add component (AddParameter): Name = "Package"; Value = "CRGCQ1206"; VariantName = "[No Variations]"
Add component (AddParameter): Name = "Power Rating"; Value = "0.25W"; VariantName = "[No Variations]"
Add component (AddParameter): Name = "Resistance"; Value = "10KO"; VariantName = "[No Variations]"
Add component (AddParameter): Name = "RoHS"; Value = "TRUE"; VariantName = "[No Variations]"
Add component (AddParameter): Name = "Series"; Value = "CRGCQ"; VariantName = "[No Variations]"
Add component (AddParameter): Name = "Temperature"; Value = "-55°C to +155°C"; VariantName = "[No Variations]"
Add component (AddParameter): Name = "Temperature Coefficient"; Value = "±100ppm/°C"; VariantName = "[No Variations]"
Add component (AddParameter): Name = "Temperature Range High"; Value = "+155°C"; VariantName = "[No Variations]"
Add component (AddParameter): Name = "Temperature Range Low"; Value = "-55°C"; VariantName = "[No Variations]"
Add component (AddParameter): Name = "Tolerance"; Value = "0.05"; VariantName = "[No Variations]"
Add component (AddParameter): Name = "Value"; Value = "10KO"; VariantName = "[No Variations]"
Add component (AddParameter): Name = "Voltage Rating"; Value = "200V"; VariantName = "[No Variations]"
Added Component: Designator=R14(FP-CRGCQ1206-IPC_C)
Add component (AddParameter): Name = "Ambient Temperature Range High"; Value = "+70°C"; VariantName = "[No Variations]"
Add component (AddParameter): Name = "Automotive"; Value = "Yes"; VariantName = "[No Variations]"
Add component (AddParameter): Name = "Automotive Grade"; Value = "Grade 914"; VariantName = "[No Variations]"
Add component (AddParameter): Name = "Category"; Value = "Res"; VariantName = "[No Variations]"
Add component (AddParameter): Name = "ComponentLink2Description"; Value = "Datasheet"; VariantName = "[No Variations]"
Add component (AddParameter): Name = "ComponentLink2URL"; Value = "https://www.te.com/commerce/DocumentDelivery/DDEController?Action=showdoc&DocId=Data+Sheet%7F1773204-3%7F1%7Fpdf%7FEnglish%7FENG_DS_1773204-3_1.pdf%7F4-2176347-923"; VariantName = "[No Variations]"
Add component (AddParameter): Name = "Composition"; Value = "Thick Film"; VariantName = "[No Variations]"
Add component (AddParameter): Name = "Device Class L1"; Value = "Passive Components"; VariantName = "[No Variations]"
Add component (AddParameter): Name = "Device Class L2"; Value = "Resistors"; VariantName = "[No Variations]"
Add component (AddParameter): Name = "Device Class L3"; Value = "Chip SMD Resistors"; VariantName = "[No Variations]"
Add component (AddParameter): Name = "Height"; Value = "0.65mm"; VariantName = "[No Variations]"
Add component (AddParameter): Name = "Ipc Land Pattern Name"; Value = "RESC310155X55"; VariantName = "[No Variations]"
Add component (AddParameter): Name = "Lead Free"; Value = "Yes"; VariantName = "[No Variations]"
Add component (AddParameter): Name = "Manufacturer"; Value = "TE Connectivity"; VariantName = "[No Variations]"
Add component (AddParameter): Name = "Manufacturer Part Number"; Value = "CRGCQ1206J10K"; VariantName = "[No Variations]"
Add component (AddParameter): Name = "Octopart"; Value = "https://octopart.com/crgcq1206j10k-te+connectivity-91018305"; VariantName = "[No Variations]"
Add component (AddParameter): Name = "Package"; Value = "CRGCQ1206"; VariantName = "[No Variations]"
Add component (AddParameter): Name = "Power Rating"; Value = "0.25W"; VariantName = "[No Variations]"
Add component (AddParameter): Name = "Resistance"; Value = "10KO"; VariantName = "[No Variations]"
Add component (AddParameter): Name = "RoHS"; Value = "TRUE"; VariantName = "[No Variations]"
Add component (AddParameter): Name = "Series"; Value = "CRGCQ"; VariantName = "[No Variations]"
Add component (AddParameter): Name = "Temperature"; Value = "-55°C to +155°C"; VariantName = "[No Variations]"
Add component (AddParameter): Name = "Temperature Coefficient"; Value = "±100ppm/°C"; VariantName = "[No Variations]"
Add component (AddParameter): Name = "Temperature Range High"; Value = "+155°C"; VariantName = "[No Variations]"
Add component (AddParameter): Name = "Temperature Range Low"; Value = "-55°C"; VariantName = "[No Variations]"
Add component (AddParameter): Name = "Tolerance"; Value = "0.05"; VariantName = "[No Variations]"
Add component (AddParameter): Name = "Value"; Value = "10KO"; VariantName = "[No Variations]"
Add component (AddParameter): Name = "Voltage Rating"; Value = "200V"; VariantName = "[No Variations]"
Added Component: Designator=R15(FP-CRGCQ1206-IPC_C)
Add component (AddParameter): Name = "Ambient Temperature Range High"; Value = "+70°C"; VariantName = "[No Variations]"
Add component (AddParameter): Name = "Automotive"; Value = "Yes"; VariantName = "[No Variations]"
Add component (AddParameter): Name = "Automotive Grade"; Value = "Grade 914"; VariantName = "[No Variations]"
Add component (AddParameter): Name = "Category"; Value = "Res"; VariantName = "[No Variations]"
Add component (AddParameter): Name = "ComponentLink2Description"; Value = "Datasheet"; VariantName = "[No Variations]"
Add component (AddParameter): Name = "ComponentLink2URL"; Value = "https://www.te.com/commerce/DocumentDelivery/DDEController?Action=showdoc&DocId=Data+Sheet%7F1773204-3%7F1%7Fpdf%7FEnglish%7FENG_DS_1773204-3_1.pdf%7F4-2176347-923"; VariantName = "[No Variations]"
Add component (AddParameter): Name = "Composition"; Value = "Thick Film"; VariantName = "[No Variations]"
Add component (AddParameter): Name = "Device Class L1"; Value = "Passive Components"; VariantName = "[No Variations]"
Add component (AddParameter): Name = "Device Class L2"; Value = "Resistors"; VariantName = "[No Variations]"
Add component (AddParameter): Name = "Device Class L3"; Value = "Chip SMD Resistors"; VariantName = "[No Variations]"
Add component (AddParameter): Name = "Height"; Value = "0.65mm"; VariantName = "[No Variations]"
Add component (AddParameter): Name = "Ipc Land Pattern Name"; Value = "RESC310155X55"; VariantName = "[No Variations]"
Add component (AddParameter): Name = "Lead Free"; Value = "Yes"; VariantName = "[No Variations]"
Add component (AddParameter): Name = "Manufacturer"; Value = "TE Connectivity"; VariantName = "[No Variations]"
Add component (AddParameter): Name = "Manufacturer Part Number"; Value = "CRGCQ1206J10K"; VariantName = "[No Variations]"
Add component (AddParameter): Name = "Octopart"; Value = "https://octopart.com/crgcq1206j10k-te+connectivity-91018305"; VariantName = "[No Variations]"
Add component (AddParameter): Name = "Package"; Value = "CRGCQ1206"; VariantName = "[No Variations]"
Add component (AddParameter): Name = "Power Rating"; Value = "0.25W"; VariantName = "[No Variations]"
Add component (AddParameter): Name = "Resistance"; Value = "10KO"; VariantName = "[No Variations]"
Add component (AddParameter): Name = "RoHS"; Value = "TRUE"; VariantName = "[No Variations]"
Add component (AddParameter): Name = "Series"; Value = "CRGCQ"; VariantName = "[No Variations]"
Add component (AddParameter): Name = "Temperature"; Value = "-55°C to +155°C"; VariantName = "[No Variations]"
Add component (AddParameter): Name = "Temperature Coefficient"; Value = "±100ppm/°C"; VariantName = "[No Variations]"
Add component (AddParameter): Name = "Temperature Range High"; Value = "+155°C"; VariantName = "[No Variations]"
Add component (AddParameter): Name = "Temperature Range Low"; Value = "-55°C"; VariantName = "[No Variations]"
Add component (AddParameter): Name = "Tolerance"; Value = "0.05"; VariantName = "[No Variations]"
Add component (AddParameter): Name = "Value"; Value = "10KO"; VariantName = "[No Variations]"
Add component (AddParameter): Name = "Voltage Rating"; Value = "200V"; VariantName = "[No Variations]"
Added Component: Designator=R16(FP-CRGCQ1206-IPC_C)
Add component (AddParameter): Name = "Ambient Temperature Range High"; Value = "+70°C"; VariantName = "[No Variations]"
Add component (AddParameter): Name = "Automotive"; Value = "Yes"; VariantName = "[No Variations]"
Add component (AddParameter): Name = "Automotive Grade"; Value = "Grade 914"; VariantName = "[No Variations]"
Add component (AddParameter): Name = "Category"; Value = "Res"; VariantName = "[No Variations]"
Add component (AddParameter): Name = "ComponentLink2Description"; Value = "Datasheet"; VariantName = "[No Variations]"
Add component (AddParameter): Name = "ComponentLink2URL"; Value = "https://www.te.com/commerce/DocumentDelivery/DDEController?Action=showdoc&DocId=Data+Sheet%7F1773204-3%7F1%7Fpdf%7FEnglish%7FENG_DS_1773204-3_1.pdf%7F4-2176347-923"; VariantName = "[No Variations]"
Add component (AddParameter): Name = "Composition"; Value = "Thick Film"; VariantName = "[No Variations]"
Add component (AddParameter): Name = "Device Class L1"; Value = "Passive Components"; VariantName = "[No Variations]"
Add component (AddParameter): Name = "Device Class L2"; Value = "Resistors"; VariantName = "[No Variations]"
Add component (AddParameter): Name = "Device Class L3"; Value = "Chip SMD Resistors"; VariantName = "[No Variations]"
Add component (AddParameter): Name = "Height"; Value = "0.65mm"; VariantName = "[No Variations]"
Add component (AddParameter): Name = "Ipc Land Pattern Name"; Value = "RESC310155X55"; VariantName = "[No Variations]"
Add component (AddParameter): Name = "Lead Free"; Value = "Yes"; VariantName = "[No Variations]"
Add component (AddParameter): Name = "Manufacturer"; Value = "TE Connectivity"; VariantName = "[No Variations]"
Add component (AddParameter): Name = "Manufacturer Part Number"; Value = "CRGCQ1206J10K"; VariantName = "[No Variations]"
Add component (AddParameter): Name = "Octopart"; Value = "https://octopart.com/crgcq1206j10k-te+connectivity-91018305"; VariantName = "[No Variations]"
Add component (AddParameter): Name = "Package"; Value = "CRGCQ1206"; VariantName = "[No Variations]"
Add component (AddParameter): Name = "Power Rating"; Value = "0.25W"; VariantName = "[No Variations]"
Add component (AddParameter): Name = "Resistance"; Value = "10KO"; VariantName = "[No Variations]"
Add component (AddParameter): Name = "RoHS"; Value = "TRUE"; VariantName = "[No Variations]"
Add component (AddParameter): Name = "Series"; Value = "CRGCQ"; VariantName = "[No Variations]"
Add component (AddParameter): Name = "Temperature"; Value = "-55°C to +155°C"; VariantName = "[No Variations]"
Add component (AddParameter): Name = "Temperature Coefficient"; Value = "±100ppm/°C"; VariantName = "[No Variations]"
Add component (AddParameter): Name = "Temperature Range High"; Value = "+155°C"; VariantName = "[No Variations]"
Add component (AddParameter): Name = "Temperature Range Low"; Value = "-55°C"; VariantName = "[No Variations]"
Add component (AddParameter): Name = "Tolerance"; Value = "0.05"; VariantName = "[No Variations]"
Add component (AddParameter): Name = "Value"; Value = "10KO"; VariantName = "[No Variations]"
Add component (AddParameter): Name = "Voltage Rating"; Value = "200V"; VariantName = "[No Variations]"
Added Component: Designator=R17(FP-RNCP1206-IPC_B)
Add component (AddParameter): Name = "Case Code (Imperial)"; Value = "1206"; VariantName = "[No Variations]"
Add component (AddParameter): Name = "Case Code (Metric)"; Value = "3216"; VariantName = "[No Variations]"
Add component (AddParameter): Name = "Case/Package"; Value = "1206"; VariantName = "[No Variations]"
Add component (AddParameter): Name = "Features"; Value = "Moisture Resistant"; VariantName = "[No Variations]"
Add component (AddParameter): Name = "Height"; Value = "0.024inch"; VariantName = "[No Variations]"
Add component (AddParameter): Name = "Lead Free"; Value = "Lead Free"; VariantName = "[No Variations]"
Add component (AddParameter): Name = "Length"; Value = "0.122inch"; VariantName = "[No Variations]"
Add component (AddParameter): Name = "Max Operating Temperature"; Value = "155°C"; VariantName = "[No Variations]"
Add component (AddParameter): Name = "Max Power Dissipation"; Value = "500mW"; VariantName = "[No Variations]"
Add component (AddParameter): Name = "Min Operating Temperature"; Value = "-55°C"; VariantName = "[No Variations]"
Add component (AddParameter): Name = "Mount"; Value = "Surface Mount"; VariantName = "[No Variations]"
Add component (AddParameter): Name = "Number of Terminations"; Value = "2"; VariantName = "[No Variations]"
Add component (AddParameter): Name = "Packaging"; Value = "Tape and Reel"; VariantName = "[No Variations]"
Add component (AddParameter): Name = "Resistance"; Value = "200R"; VariantName = "[No Variations]"
Add component (AddParameter): Name = "Resistor Type"; Value = "Thin Film"; VariantName = "[No Variations]"
Add component (AddParameter): Name = "RoHS Compliant"; Value = "Yes"; VariantName = "[No Variations]"
Add component (AddParameter): Name = "Series"; Value = "RNCP"; VariantName = "[No Variations]"
Add component (AddParameter): Name = "Temperature Coefficient"; Value = "100ppm/°C"; VariantName = "[No Variations]"
Add component (AddParameter): Name = "Tolerance"; Value = "1%"; VariantName = "[No Variations]"
Add component (AddParameter): Name = "Width"; Value = "0.059inch"; VariantName = "[No Variations]"
Added Component: Designator=R18(FP-RNCP1206-IPC_B)
Add component (AddParameter): Name = "Case Code (Imperial)"; Value = "1206"; VariantName = "[No Variations]"
Add component (AddParameter): Name = "Case Code (Metric)"; Value = "3216"; VariantName = "[No Variations]"
Add component (AddParameter): Name = "Case/Package"; Value = "1206"; VariantName = "[No Variations]"
Add component (AddParameter): Name = "Features"; Value = "Moisture Resistant"; VariantName = "[No Variations]"
Add component (AddParameter): Name = "Height"; Value = "0.024inch"; VariantName = "[No Variations]"
Add component (AddParameter): Name = "Lead Free"; Value = "Lead Free"; VariantName = "[No Variations]"
Add component (AddParameter): Name = "Length"; Value = "0.122inch"; VariantName = "[No Variations]"
Add component (AddParameter): Name = "Max Operating Temperature"; Value = "155°C"; VariantName = "[No Variations]"
Add component (AddParameter): Name = "Max Power Dissipation"; Value = "500mW"; VariantName = "[No Variations]"
Add component (AddParameter): Name = "Min Operating Temperature"; Value = "-55°C"; VariantName = "[No Variations]"
Add component (AddParameter): Name = "Mount"; Value = "Surface Mount"; VariantName = "[No Variations]"
Add component (AddParameter): Name = "Number of Terminations"; Value = "2"; VariantName = "[No Variations]"
Add component (AddParameter): Name = "Packaging"; Value = "Tape and Reel"; VariantName = "[No Variations]"
Add component (AddParameter): Name = "Resistance"; Value = "200R"; VariantName = "[No Variations]"
Add component (AddParameter): Name = "Resistor Type"; Value = "Thin Film"; VariantName = "[No Variations]"
Add component (AddParameter): Name = "RoHS Compliant"; Value = "Yes"; VariantName = "[No Variations]"
Add component (AddParameter): Name = "Series"; Value = "RNCP"; VariantName = "[No Variations]"
Add component (AddParameter): Name = "Temperature Coefficient"; Value = "100ppm/°C"; VariantName = "[No Variations]"
Add component (AddParameter): Name = "Tolerance"; Value = "1%"; VariantName = "[No Variations]"
Add component (AddParameter): Name = "Width"; Value = "0.059inch"; VariantName = "[No Variations]"
Added Component: Designator=R19(FP-RNCP1206-IPC_B)
Add component (AddParameter): Name = "Case Code (Imperial)"; Value = "1206"; VariantName = "[No Variations]"
Add component (AddParameter): Name = "Case Code (Metric)"; Value = "3216"; VariantName = "[No Variations]"
Add component (AddParameter): Name = "Case/Package"; Value = "1206"; VariantName = "[No Variations]"
Add component (AddParameter): Name = "Features"; Value = "Moisture Resistant"; VariantName = "[No Variations]"
Add component (AddParameter): Name = "Height"; Value = "0.024inch"; VariantName = "[No Variations]"
Add component (AddParameter): Name = "Lead Free"; Value = "Lead Free"; VariantName = "[No Variations]"
Add component (AddParameter): Name = "Length"; Value = "0.122inch"; VariantName = "[No Variations]"
Add component (AddParameter): Name = "Max Operating Temperature"; Value = "155°C"; VariantName = "[No Variations]"
Add component (AddParameter): Name = "Max Power Dissipation"; Value = "500mW"; VariantName = "[No Variations]"
Add component (AddParameter): Name = "Min Operating Temperature"; Value = "-55°C"; VariantName = "[No Variations]"
Add component (AddParameter): Name = "Mount"; Value = "Surface Mount"; VariantName = "[No Variations]"
Add component (AddParameter): Name = "Number of Terminations"; Value = "2"; VariantName = "[No Variations]"
Add component (AddParameter): Name = "Packaging"; Value = "Tape and Reel"; VariantName = "[No Variations]"
Add component (AddParameter): Name = "Resistance"; Value = "200R"; VariantName = "[No Variations]"
Add component (AddParameter): Name = "Resistor Type"; Value = "Thin Film"; VariantName = "[No Variations]"
Add component (AddParameter): Name = "RoHS Compliant"; Value = "Yes"; VariantName = "[No Variations]"
Add component (AddParameter): Name = "Series"; Value = "RNCP"; VariantName = "[No Variations]"
Add component (AddParameter): Name = "Temperature Coefficient"; Value = "100ppm/°C"; VariantName = "[No Variations]"
Add component (AddParameter): Name = "Tolerance"; Value = "1%"; VariantName = "[No Variations]"
Add component (AddParameter): Name = "Width"; Value = "0.059inch"; VariantName = "[No Variations]"
Added Component: Designator=R20(FP-CRGCQ1206-IPC_C)
Add component (AddParameter): Name = "Ambient Temperature Range High"; Value = "+70°C"; VariantName = "[No Variations]"
Add component (AddParameter): Name = "Automotive"; Value = "Yes"; VariantName = "[No Variations]"
Add component (AddParameter): Name = "Automotive Grade"; Value = "Grade 914"; VariantName = "[No Variations]"
Add component (AddParameter): Name = "Category"; Value = "Res"; VariantName = "[No Variations]"
Add component (AddParameter): Name = "ComponentLink2Description"; Value = "Datasheet"; VariantName = "[No Variations]"
Add component (AddParameter): Name = "ComponentLink2URL"; Value = "https://www.te.com/commerce/DocumentDelivery/DDEController?Action=showdoc&DocId=Data+Sheet%7F1773204-3%7F1%7Fpdf%7FEnglish%7FENG_DS_1773204-3_1.pdf%7F4-2176347-923"; VariantName = "[No Variations]"
Add component (AddParameter): Name = "Composition"; Value = "Thick Film"; VariantName = "[No Variations]"
Add component (AddParameter): Name = "Device Class L1"; Value = "Passive Components"; VariantName = "[No Variations]"
Add component (AddParameter): Name = "Device Class L2"; Value = "Resistors"; VariantName = "[No Variations]"
Add component (AddParameter): Name = "Device Class L3"; Value = "Chip SMD Resistors"; VariantName = "[No Variations]"
Add component (AddParameter): Name = "Height"; Value = "0.65mm"; VariantName = "[No Variations]"
Add component (AddParameter): Name = "Ipc Land Pattern Name"; Value = "RESC310155X55"; VariantName = "[No Variations]"
Add component (AddParameter): Name = "Lead Free"; Value = "Yes"; VariantName = "[No Variations]"
Add component (AddParameter): Name = "Manufacturer"; Value = "TE Connectivity"; VariantName = "[No Variations]"
Add component (AddParameter): Name = "Manufacturer Part Number"; Value = "CRGCQ1206J10K"; VariantName = "[No Variations]"
Add component (AddParameter): Name = "Octopart"; Value = "https://octopart.com/crgcq1206j10k-te+connectivity-91018305"; VariantName = "[No Variations]"
Add component (AddParameter): Name = "Package"; Value = "CRGCQ1206"; VariantName = "[No Variations]"
Add component (AddParameter): Name = "Power Rating"; Value = "0.25W"; VariantName = "[No Variations]"
Add component (AddParameter): Name = "Resistance"; Value = "10KO"; VariantName = "[No Variations]"
Add component (AddParameter): Name = "RoHS"; Value = "TRUE"; VariantName = "[No Variations]"
Add component (AddParameter): Name = "Series"; Value = "CRGCQ"; VariantName = "[No Variations]"
Add component (AddParameter): Name = "Temperature"; Value = "-55°C to +155°C"; VariantName = "[No Variations]"
Add component (AddParameter): Name = "Temperature Coefficient"; Value = "±100ppm/°C"; VariantName = "[No Variations]"
Add component (AddParameter): Name = "Temperature Range High"; Value = "+155°C"; VariantName = "[No Variations]"
Add component (AddParameter): Name = "Temperature Range Low"; Value = "-55°C"; VariantName = "[No Variations]"
Add component (AddParameter): Name = "Tolerance"; Value = "0.05"; VariantName = "[No Variations]"
Add component (AddParameter): Name = "Value"; Value = "10KO"; VariantName = "[No Variations]"
Add component (AddParameter): Name = "Voltage Rating"; Value = "200V"; VariantName = "[No Variations]"
Added Component: Designator=R21(FP-CRGCQ1206-IPC_C)
Add component (AddParameter): Name = "Ambient Temperature Range High"; Value = "+70°C"; VariantName = "[No Variations]"
Add component (AddParameter): Name = "Automotive"; Value = "Yes"; VariantName = "[No Variations]"
Add component (AddParameter): Name = "Automotive Grade"; Value = "Grade 914"; VariantName = "[No Variations]"
Add component (AddParameter): Name = "Category"; Value = "Res"; VariantName = "[No Variations]"
Add component (AddParameter): Name = "ComponentLink2Description"; Value = "Datasheet"; VariantName = "[No Variations]"
Add component (AddParameter): Name = "ComponentLink2URL"; Value = "https://www.te.com/commerce/DocumentDelivery/DDEController?Action=showdoc&DocId=Data+Sheet%7F1773204-3%7F1%7Fpdf%7FEnglish%7FENG_DS_1773204-3_1.pdf%7F4-2176347-923"; VariantName = "[No Variations]"
Add component (AddParameter): Name = "Composition"; Value = "Thick Film"; VariantName = "[No Variations]"
Add component (AddParameter): Name = "Device Class L1"; Value = "Passive Components"; VariantName = "[No Variations]"
Add component (AddParameter): Name = "Device Class L2"; Value = "Resistors"; VariantName = "[No Variations]"
Add component (AddParameter): Name = "Device Class L3"; Value = "Chip SMD Resistors"; VariantName = "[No Variations]"
Add component (AddParameter): Name = "Height"; Value = "0.65mm"; VariantName = "[No Variations]"
Add component (AddParameter): Name = "Ipc Land Pattern Name"; Value = "RESC310155X55"; VariantName = "[No Variations]"
Add component (AddParameter): Name = "Lead Free"; Value = "Yes"; VariantName = "[No Variations]"
Add component (AddParameter): Name = "Manufacturer"; Value = "TE Connectivity"; VariantName = "[No Variations]"
Add component (AddParameter): Name = "Manufacturer Part Number"; Value = "CRGCQ1206J10K"; VariantName = "[No Variations]"
Add component (AddParameter): Name = "Octopart"; Value = "https://octopart.com/crgcq1206j10k-te+connectivity-91018305"; VariantName = "[No Variations]"
Add component (AddParameter): Name = "Package"; Value = "CRGCQ1206"; VariantName = "[No Variations]"
Add component (AddParameter): Name = "Power Rating"; Value = "0.25W"; VariantName = "[No Variations]"
Add component (AddParameter): Name = "Resistance"; Value = "10KO"; VariantName = "[No Variations]"
Add component (AddParameter): Name = "RoHS"; Value = "TRUE"; VariantName = "[No Variations]"
Add component (AddParameter): Name = "Series"; Value = "CRGCQ"; VariantName = "[No Variations]"
Add component (AddParameter): Name = "Temperature"; Value = "-55°C to +155°C"; VariantName = "[No Variations]"
Add component (AddParameter): Name = "Temperature Coefficient"; Value = "±100ppm/°C"; VariantName = "[No Variations]"
Add component (AddParameter): Name = "Temperature Range High"; Value = "+155°C"; VariantName = "[No Variations]"
Add component (AddParameter): Name = "Temperature Range Low"; Value = "-55°C"; VariantName = "[No Variations]"
Add component (AddParameter): Name = "Tolerance"; Value = "0.05"; VariantName = "[No Variations]"
Add component (AddParameter): Name = "Value"; Value = "10KO"; VariantName = "[No Variations]"
Add component (AddParameter): Name = "Voltage Rating"; Value = "200V"; VariantName = "[No Variations]"
Added Component: Designator=R22(FP-CRGCQ1206-IPC_C)
Add component (AddParameter): Name = "Ambient Temperature Range High"; Value = "+70°C"; VariantName = "[No Variations]"
Add component (AddParameter): Name = "Automotive"; Value = "Yes"; VariantName = "[No Variations]"
Add component (AddParameter): Name = "Automotive Grade"; Value = "Grade 914"; VariantName = "[No Variations]"
Add component (AddParameter): Name = "Category"; Value = "Res"; VariantName = "[No Variations]"
Add component (AddParameter): Name = "ComponentLink2Description"; Value = "Datasheet"; VariantName = "[No Variations]"
Add component (AddParameter): Name = "ComponentLink2URL"; Value = "https://www.te.com/commerce/DocumentDelivery/DDEController?Action=showdoc&DocId=Data+Sheet%7F1773204-3%7F1%7Fpdf%7FEnglish%7FENG_DS_1773204-3_1.pdf%7F4-2176347-923"; VariantName = "[No Variations]"
Add component (AddParameter): Name = "Composition"; Value = "Thick Film"; VariantName = "[No Variations]"
Add component (AddParameter): Name = "Device Class L1"; Value = "Passive Components"; VariantName = "[No Variations]"
Add component (AddParameter): Name = "Device Class L2"; Value = "Resistors"; VariantName = "[No Variations]"
Add component (AddParameter): Name = "Device Class L3"; Value = "Chip SMD Resistors"; VariantName = "[No Variations]"
Add component (AddParameter): Name = "Height"; Value = "0.65mm"; VariantName = "[No Variations]"
Add component (AddParameter): Name = "Ipc Land Pattern Name"; Value = "RESC310155X55"; VariantName = "[No Variations]"
Add component (AddParameter): Name = "Lead Free"; Value = "Yes"; VariantName = "[No Variations]"
Add component (AddParameter): Name = "Manufacturer"; Value = "TE Connectivity"; VariantName = "[No Variations]"
Add component (AddParameter): Name = "Manufacturer Part Number"; Value = "CRGCQ1206J10K"; VariantName = "[No Variations]"
Add component (AddParameter): Name = "Octopart"; Value = "https://octopart.com/crgcq1206j10k-te+connectivity-91018305"; VariantName = "[No Variations]"
Add component (AddParameter): Name = "Package"; Value = "CRGCQ1206"; VariantName = "[No Variations]"
Add component (AddParameter): Name = "Power Rating"; Value = "0.25W"; VariantName = "[No Variations]"
Add component (AddParameter): Name = "Resistance"; Value = "10KO"; VariantName = "[No Variations]"
Add component (AddParameter): Name = "RoHS"; Value = "TRUE"; VariantName = "[No Variations]"
Add component (AddParameter): Name = "Series"; Value = "CRGCQ"; VariantName = "[No Variations]"
Add component (AddParameter): Name = "Temperature"; Value = "-55°C to +155°C"; VariantName = "[No Variations]"
Add component (AddParameter): Name = "Temperature Coefficient"; Value = "±100ppm/°C"; VariantName = "[No Variations]"
Add component (AddParameter): Name = "Temperature Range High"; Value = "+155°C"; VariantName = "[No Variations]"
Add component (AddParameter): Name = "Temperature Range Low"; Value = "-55°C"; VariantName = "[No Variations]"
Add component (AddParameter): Name = "Tolerance"; Value = "0.05"; VariantName = "[No Variations]"
Add component (AddParameter): Name = "Value"; Value = "10KO"; VariantName = "[No Variations]"
Add component (AddParameter): Name = "Voltage Rating"; Value = "200V"; VariantName = "[No Variations]"
Added Component: Designator=R23(FP-RNCP1206-IPC_B)
Add component (AddParameter): Name = "Case Code (Imperial)"; Value = "1206"; VariantName = "[No Variations]"
Add component (AddParameter): Name = "Case Code (Metric)"; Value = "3216"; VariantName = "[No Variations]"
Add component (AddParameter): Name = "Case/Package"; Value = "1206"; VariantName = "[No Variations]"
Add component (AddParameter): Name = "Features"; Value = "Moisture Resistant"; VariantName = "[No Variations]"
Add component (AddParameter): Name = "Height"; Value = "0.024inch"; VariantName = "[No Variations]"
Add component (AddParameter): Name = "Lead Free"; Value = "Lead Free"; VariantName = "[No Variations]"
Add component (AddParameter): Name = "Length"; Value = "0.122inch"; VariantName = "[No Variations]"
Add component (AddParameter): Name = "Max Operating Temperature"; Value = "155°C"; VariantName = "[No Variations]"
Add component (AddParameter): Name = "Max Power Dissipation"; Value = "500mW"; VariantName = "[No Variations]"
Add component (AddParameter): Name = "Min Operating Temperature"; Value = "-55°C"; VariantName = "[No Variations]"
Add component (AddParameter): Name = "Mount"; Value = "Surface Mount"; VariantName = "[No Variations]"
Add component (AddParameter): Name = "Number of Terminations"; Value = "2"; VariantName = "[No Variations]"
Add component (AddParameter): Name = "Packaging"; Value = "Tape and Reel"; VariantName = "[No Variations]"
Add component (AddParameter): Name = "Resistance"; Value = "200R"; VariantName = "[No Variations]"
Add component (AddParameter): Name = "Resistor Type"; Value = "Thin Film"; VariantName = "[No Variations]"
Add component (AddParameter): Name = "RoHS Compliant"; Value = "Yes"; VariantName = "[No Variations]"
Add component (AddParameter): Name = "Series"; Value = "RNCP"; VariantName = "[No Variations]"
Add component (AddParameter): Name = "Temperature Coefficient"; Value = "100ppm/°C"; VariantName = "[No Variations]"
Add component (AddParameter): Name = "Tolerance"; Value = "1%"; VariantName = "[No Variations]"
Add component (AddParameter): Name = "Width"; Value = "0.059inch"; VariantName = "[No Variations]"
Added Component: Designator=R24(FP-RNCP1206-IPC_B)
Add component (AddParameter): Name = "Case Code (Imperial)"; Value = "1206"; VariantName = "[No Variations]"
Add component (AddParameter): Name = "Case Code (Metric)"; Value = "3216"; VariantName = "[No Variations]"
Add component (AddParameter): Name = "Case/Package"; Value = "1206"; VariantName = "[No Variations]"
Add component (AddParameter): Name = "Features"; Value = "Moisture Resistant"; VariantName = "[No Variations]"
Add component (AddParameter): Name = "Height"; Value = "0.024inch"; VariantName = "[No Variations]"
Add component (AddParameter): Name = "Lead Free"; Value = "Lead Free"; VariantName = "[No Variations]"
Add component (AddParameter): Name = "Length"; Value = "0.122inch"; VariantName = "[No Variations]"
Add component (AddParameter): Name = "Max Operating Temperature"; Value = "155°C"; VariantName = "[No Variations]"
Add component (AddParameter): Name = "Max Power Dissipation"; Value = "500mW"; VariantName = "[No Variations]"
Add component (AddParameter): Name = "Min Operating Temperature"; Value = "-55°C"; VariantName = "[No Variations]"
Add component (AddParameter): Name = "Mount"; Value = "Surface Mount"; VariantName = "[No Variations]"
Add component (AddParameter): Name = "Number of Terminations"; Value = "2"; VariantName = "[No Variations]"
Add component (AddParameter): Name = "Packaging"; Value = "Tape and Reel"; VariantName = "[No Variations]"
Add component (AddParameter): Name = "Resistance"; Value = "200R"; VariantName = "[No Variations]"
Add component (AddParameter): Name = "Resistor Type"; Value = "Thin Film"; VariantName = "[No Variations]"
Add component (AddParameter): Name = "RoHS Compliant"; Value = "Yes"; VariantName = "[No Variations]"
Add component (AddParameter): Name = "Series"; Value = "RNCP"; VariantName = "[No Variations]"
Add component (AddParameter): Name = "Temperature Coefficient"; Value = "100ppm/°C"; VariantName = "[No Variations]"
Add component (AddParameter): Name = "Tolerance"; Value = "1%"; VariantName = "[No Variations]"
Add component (AddParameter): Name = "Width"; Value = "0.059inch"; VariantName = "[No Variations]"
Added Component: Designator=U3(FP-100CY-MFG)
Add component (AddParameter): Name = "Case/Package"; Value = "SMD/SMT"; VariantName = "[No Variations]"
Add component (AddParameter): Name = "Collector Emitter Breakdown Voltage"; Value = "30V"; VariantName = "[No Variations]"
Add component (AddParameter): Name = "Collector Emitter Voltage (VCEO)"; Value = "30V"; VariantName = "[No Variations]"
Add component (AddParameter): Name = "Contact Plating"; Value = "Tin"; VariantName = "[No Variations]"
Add component (AddParameter): Name = "Fall Time"; Value = "20us"; VariantName = "[No Variations]"
Add component (AddParameter): Name = "Forward Current"; Value = "50mA"; VariantName = "[No Variations]"
Add component (AddParameter): Name = "Forward Voltage"; Value = "1.2V"; VariantName = "[No Variations]"
Add component (AddParameter): Name = "Height"; Value = "1.7mm"; VariantName = "[No Variations]"
Add component (AddParameter): Name = "Input Current"; Value = "50mA"; VariantName = "[No Variations]"
Add component (AddParameter): Name = "Lead Free"; Value = "Lead Free"; VariantName = "[No Variations]"
Add component (AddParameter): Name = "Length"; Value = "3.6mm"; VariantName = "[No Variations]"
Add component (AddParameter): Name = "Max Breakdown Voltage"; Value = "30V"; VariantName = "[No Variations]"
Add component (AddParameter): Name = "Max Collector Current"; Value = "20mA"; VariantName = "[No Variations]"
Add component (AddParameter): Name = "Max Operating Temperature"; Value = "85°C"; VariantName = "[No Variations]"
Add component (AddParameter): Name = "Max Power Dissipation"; Value = "75mW"; VariantName = "[No Variations]"
Add component (AddParameter): Name = "Min Operating Temperature"; Value = "-40°C"; VariantName = "[No Variations]"
Add component (AddParameter): Name = "Mount"; Value = "Surface Mount"; VariantName = "[No Variations]"
Add component (AddParameter): Name = "Number of Channels"; Value = "1"; VariantName = "[No Variations]"
Add component (AddParameter): Name = "Number of Elements"; Value = "1"; VariantName = "[No Variations]"
Add component (AddParameter): Name = "Number of Pins"; Value = "4"; VariantName = "[No Variations]"
Add component (AddParameter): Name = "Operating Supply Voltage"; Value = "1.7V"; VariantName = "[No Variations]"
Add component (AddParameter): Name = "Output Type"; Value = "Phototransistor"; VariantName = "[No Variations]"
Add component (AddParameter): Name = "Package Quantity"; Value = "1000"; VariantName = "[No Variations]"
Add component (AddParameter): Name = "Packaging"; Value = "Tape and Reel"; VariantName = "[No Variations]"
Add component (AddParameter): Name = "Power Dissipation"; Value = "75mW"; VariantName = "[No Variations]"
Add component (AddParameter): Name = "Radiation Hardening"; Value = "No"; VariantName = "[No Variations]"
Add component (AddParameter): Name = "REACH SVHC"; Value = "No SVHC"; VariantName = "[No Variations]"
Add component (AddParameter): Name = "Response Time"; Value = "20us"; VariantName = "[No Variations]"
Add component (AddParameter): Name = "Reverse Breakdown Voltage"; Value = "5V"; VariantName = "[No Variations]"
Add component (AddParameter): Name = "Reverse Voltage (DC)"; Value = "5V"; VariantName = "[No Variations]"
Add component (AddParameter): Name = "Rise Time"; Value = "20us"; VariantName = "[No Variations]"
Add component (AddParameter): Name = "Sensing Distance"; Value = "0.197inch"; VariantName = "[No Variations]"
Add component (AddParameter): Name = "Wavelength"; Value = "940nm"; VariantName = "[No Variations]"
Add component (AddParameter): Name = "Weight"; Value = "0.078g"; VariantName = "[No Variations]"
Add component (AddParameter): Name = "Width"; Value = "2.9mm"; VariantName = "[No Variations]"
Added Component: Designator=U4(FP-100CY-MFG)
Add component (AddParameter): Name = "Case/Package"; Value = "SMD/SMT"; VariantName = "[No Variations]"
Add component (AddParameter): Name = "Collector Emitter Breakdown Voltage"; Value = "30V"; VariantName = "[No Variations]"
Add component (AddParameter): Name = "Collector Emitter Voltage (VCEO)"; Value = "30V"; VariantName = "[No Variations]"
Add component (AddParameter): Name = "Contact Plating"; Value = "Tin"; VariantName = "[No Variations]"
Add component (AddParameter): Name = "Fall Time"; Value = "20us"; VariantName = "[No Variations]"
Add component (AddParameter): Name = "Forward Current"; Value = "50mA"; VariantName = "[No Variations]"
Add component (AddParameter): Name = "Forward Voltage"; Value = "1.2V"; VariantName = "[No Variations]"
Add component (AddParameter): Name = "Height"; Value = "1.7mm"; VariantName = "[No Variations]"
Add component (AddParameter): Name = "Input Current"; Value = "50mA"; VariantName = "[No Variations]"
Add component (AddParameter): Name = "Lead Free"; Value = "Lead Free"; VariantName = "[No Variations]"
Add component (AddParameter): Name = "Length"; Value = "3.6mm"; VariantName = "[No Variations]"
Add component (AddParameter): Name = "Max Breakdown Voltage"; Value = "30V"; VariantName = "[No Variations]"
Add component (AddParameter): Name = "Max Collector Current"; Value = "20mA"; VariantName = "[No Variations]"
Add component (AddParameter): Name = "Max Operating Temperature"; Value = "85°C"; VariantName = "[No Variations]"
Add component (AddParameter): Name = "Max Power Dissipation"; Value = "75mW"; VariantName = "[No Variations]"
Add component (AddParameter): Name = "Min Operating Temperature"; Value = "-40°C"; VariantName = "[No Variations]"
Add component (AddParameter): Name = "Mount"; Value = "Surface Mount"; VariantName = "[No Variations]"
Add component (AddParameter): Name = "Number of Channels"; Value = "1"; VariantName = "[No Variations]"
Add component (AddParameter): Name = "Number of Elements"; Value = "1"; VariantName = "[No Variations]"
Add component (AddParameter): Name = "Number of Pins"; Value = "4"; VariantName = "[No Variations]"
Add component (AddParameter): Name = "Operating Supply Voltage"; Value = "1.7V"; VariantName = "[No Variations]"
Add component (AddParameter): Name = "Output Type"; Value = "Phototransistor"; VariantName = "[No Variations]"
Add component (AddParameter): Name = "Package Quantity"; Value = "1000"; VariantName = "[No Variations]"
Add component (AddParameter): Name = "Packaging"; Value = "Tape and Reel"; VariantName = "[No Variations]"
Add component (AddParameter): Name = "Power Dissipation"; Value = "75mW"; VariantName = "[No Variations]"
Add component (AddParameter): Name = "Radiation Hardening"; Value = "No"; VariantName = "[No Variations]"
Add component (AddParameter): Name = "REACH SVHC"; Value = "No SVHC"; VariantName = "[No Variations]"
Add component (AddParameter): Name = "Response Time"; Value = "20us"; VariantName = "[No Variations]"
Add component (AddParameter): Name = "Reverse Breakdown Voltage"; Value = "5V"; VariantName = "[No Variations]"
Add component (AddParameter): Name = "Reverse Voltage (DC)"; Value = "5V"; VariantName = "[No Variations]"
Add component (AddParameter): Name = "Rise Time"; Value = "20us"; VariantName = "[No Variations]"
Add component (AddParameter): Name = "Sensing Distance"; Value = "0.197inch"; VariantName = "[No Variations]"
Add component (AddParameter): Name = "Wavelength"; Value = "940nm"; VariantName = "[No Variations]"
Add component (AddParameter): Name = "Weight"; Value = "0.078g"; VariantName = "[No Variations]"
Add component (AddParameter): Name = "Width"; Value = "2.9mm"; VariantName = "[No Variations]"
Added Component: Designator=U5(FP-100CY-MFG)
Add component (AddParameter): Name = "Case/Package"; Value = "SMD/SMT"; VariantName = "[No Variations]"
Add component (AddParameter): Name = "Collector Emitter Breakdown Voltage"; Value = "30V"; VariantName = "[No Variations]"
Add component (AddParameter): Name = "Collector Emitter Voltage (VCEO)"; Value = "30V"; VariantName = "[No Variations]"
Add component (AddParameter): Name = "Contact Plating"; Value = "Tin"; VariantName = "[No Variations]"
Add component (AddParameter): Name = "Fall Time"; Value = "20us"; VariantName = "[No Variations]"
Add component (AddParameter): Name = "Forward Current"; Value = "50mA"; VariantName = "[No Variations]"
Add component (AddParameter): Name = "Forward Voltage"; Value = "1.2V"; VariantName = "[No Variations]"
Add component (AddParameter): Name = "Height"; Value = "1.7mm"; VariantName = "[No Variations]"
Add component (AddParameter): Name = "Input Current"; Value = "50mA"; VariantName = "[No Variations]"
Add component (AddParameter): Name = "Lead Free"; Value = "Lead Free"; VariantName = "[No Variations]"
Add component (AddParameter): Name = "Length"; Value = "3.6mm"; VariantName = "[No Variations]"
Add component (AddParameter): Name = "Max Breakdown Voltage"; Value = "30V"; VariantName = "[No Variations]"
Add component (AddParameter): Name = "Max Collector Current"; Value = "20mA"; VariantName = "[No Variations]"
Add component (AddParameter): Name = "Max Operating Temperature"; Value = "85°C"; VariantName = "[No Variations]"
Add component (AddParameter): Name = "Max Power Dissipation"; Value = "75mW"; VariantName = "[No Variations]"
Add component (AddParameter): Name = "Min Operating Temperature"; Value = "-40°C"; VariantName = "[No Variations]"
Add component (AddParameter): Name = "Mount"; Value = "Surface Mount"; VariantName = "[No Variations]"
Add component (AddParameter): Name = "Number of Channels"; Value = "1"; VariantName = "[No Variations]"
Add component (AddParameter): Name = "Number of Elements"; Value = "1"; VariantName = "[No Variations]"
Add component (AddParameter): Name = "Number of Pins"; Value = "4"; VariantName = "[No Variations]"
Add component (AddParameter): Name = "Operating Supply Voltage"; Value = "1.7V"; VariantName = "[No Variations]"
Add component (AddParameter): Name = "Output Type"; Value = "Phototransistor"; VariantName = "[No Variations]"
Add component (AddParameter): Name = "Package Quantity"; Value = "1000"; VariantName = "[No Variations]"
Add component (AddParameter): Name = "Packaging"; Value = "Tape and Reel"; VariantName = "[No Variations]"
Add component (AddParameter): Name = "Power Dissipation"; Value = "75mW"; VariantName = "[No Variations]"
Add component (AddParameter): Name = "Radiation Hardening"; Value = "No"; VariantName = "[No Variations]"
Add component (AddParameter): Name = "REACH SVHC"; Value = "No SVHC"; VariantName = "[No Variations]"
Add component (AddParameter): Name = "Response Time"; Value = "20us"; VariantName = "[No Variations]"
Add component (AddParameter): Name = "Reverse Breakdown Voltage"; Value = "5V"; VariantName = "[No Variations]"
Add component (AddParameter): Name = "Reverse Voltage (DC)"; Value = "5V"; VariantName = "[No Variations]"
Add component (AddParameter): Name = "Rise Time"; Value = "20us"; VariantName = "[No Variations]"
Add component (AddParameter): Name = "Sensing Distance"; Value = "0.197inch"; VariantName = "[No Variations]"
Add component (AddParameter): Name = "Wavelength"; Value = "940nm"; VariantName = "[No Variations]"
Add component (AddParameter): Name = "Weight"; Value = "0.078g"; VariantName = "[No Variations]"
Add component (AddParameter): Name = "Width"; Value = "2.9mm"; VariantName = "[No Variations]"
Added Component: Designator=U6(FP-100CY-MFG)
Add component (AddParameter): Name = "Case/Package"; Value = "SMD/SMT"; VariantName = "[No Variations]"
Add component (AddParameter): Name = "Collector Emitter Breakdown Voltage"; Value = "30V"; VariantName = "[No Variations]"
Add component (AddParameter): Name = "Collector Emitter Voltage (VCEO)"; Value = "30V"; VariantName = "[No Variations]"
Add component (AddParameter): Name = "Contact Plating"; Value = "Tin"; VariantName = "[No Variations]"
Add component (AddParameter): Name = "Fall Time"; Value = "20us"; VariantName = "[No Variations]"
Add component (AddParameter): Name = "Forward Current"; Value = "50mA"; VariantName = "[No Variations]"
Add component (AddParameter): Name = "Forward Voltage"; Value = "1.2V"; VariantName = "[No Variations]"
Add component (AddParameter): Name = "Height"; Value = "1.7mm"; VariantName = "[No Variations]"
Add component (AddParameter): Name = "Input Current"; Value = "50mA"; VariantName = "[No Variations]"
Add component (AddParameter): Name = "Lead Free"; Value = "Lead Free"; VariantName = "[No Variations]"
Add component (AddParameter): Name = "Length"; Value = "3.6mm"; VariantName = "[No Variations]"
Add component (AddParameter): Name = "Max Breakdown Voltage"; Value = "30V"; VariantName = "[No Variations]"
Add component (AddParameter): Name = "Max Collector Current"; Value = "20mA"; VariantName = "[No Variations]"
Add component (AddParameter): Name = "Max Operating Temperature"; Value = "85°C"; VariantName = "[No Variations]"
Add component (AddParameter): Name = "Max Power Dissipation"; Value = "75mW"; VariantName = "[No Variations]"
Add component (AddParameter): Name = "Min Operating Temperature"; Value = "-40°C"; VariantName = "[No Variations]"
Add component (AddParameter): Name = "Mount"; Value = "Surface Mount"; VariantName = "[No Variations]"
Add component (AddParameter): Name = "Number of Channels"; Value = "1"; VariantName = "[No Variations]"
Add component (AddParameter): Name = "Number of Elements"; Value = "1"; VariantName = "[No Variations]"
Add component (AddParameter): Name = "Number of Pins"; Value = "4"; VariantName = "[No Variations]"
Add component (AddParameter): Name = "Operating Supply Voltage"; Value = "1.7V"; VariantName = "[No Variations]"
Add component (AddParameter): Name = "Output Type"; Value = "Phototransistor"; VariantName = "[No Variations]"
Add component (AddParameter): Name = "Package Quantity"; Value = "1000"; VariantName = "[No Variations]"
Add component (AddParameter): Name = "Packaging"; Value = "Tape and Reel"; VariantName = "[No Variations]"
Add component (AddParameter): Name = "Power Dissipation"; Value = "75mW"; VariantName = "[No Variations]"
Add component (AddParameter): Name = "Radiation Hardening"; Value = "No"; VariantName = "[No Variations]"
Add component (AddParameter): Name = "REACH SVHC"; Value = "No SVHC"; VariantName = "[No Variations]"
Add component (AddParameter): Name = "Response Time"; Value = "20us"; VariantName = "[No Variations]"
Add component (AddParameter): Name = "Reverse Breakdown Voltage"; Value = "5V"; VariantName = "[No Variations]"
Add component (AddParameter): Name = "Reverse Voltage (DC)"; Value = "5V"; VariantName = "[No Variations]"
Add component (AddParameter): Name = "Rise Time"; Value = "20us"; VariantName = "[No Variations]"
Add component (AddParameter): Name = "Sensing Distance"; Value = "0.197inch"; VariantName = "[No Variations]"
Add component (AddParameter): Name = "Wavelength"; Value = "940nm"; VariantName = "[No Variations]"
Add component (AddParameter): Name = "Weight"; Value = "0.078g"; VariantName = "[No Variations]"
Add component (AddParameter): Name = "Width"; Value = "2.9mm"; VariantName = "[No Variations]"
Added Component: Designator=U7(FP-100CY-MFG)
Add component (AddParameter): Name = "Case/Package"; Value = "SMD/SMT"; VariantName = "[No Variations]"
Add component (AddParameter): Name = "Collector Emitter Breakdown Voltage"; Value = "30V"; VariantName = "[No Variations]"
Add component (AddParameter): Name = "Collector Emitter Voltage (VCEO)"; Value = "30V"; VariantName = "[No Variations]"
Add component (AddParameter): Name = "Contact Plating"; Value = "Tin"; VariantName = "[No Variations]"
Add component (AddParameter): Name = "Fall Time"; Value = "20us"; VariantName = "[No Variations]"
Add component (AddParameter): Name = "Forward Current"; Value = "50mA"; VariantName = "[No Variations]"
Add component (AddParameter): Name = "Forward Voltage"; Value = "1.2V"; VariantName = "[No Variations]"
Add component (AddParameter): Name = "Height"; Value = "1.7mm"; VariantName = "[No Variations]"
Add component (AddParameter): Name = "Input Current"; Value = "50mA"; VariantName = "[No Variations]"
Add component (AddParameter): Name = "Lead Free"; Value = "Lead Free"; VariantName = "[No Variations]"
Add component (AddParameter): Name = "Length"; Value = "3.6mm"; VariantName = "[No Variations]"
Add component (AddParameter): Name = "Max Breakdown Voltage"; Value = "30V"; VariantName = "[No Variations]"
Add component (AddParameter): Name = "Max Collector Current"; Value = "20mA"; VariantName = "[No Variations]"
Add component (AddParameter): Name = "Max Operating Temperature"; Value = "85°C"; VariantName = "[No Variations]"
Add component (AddParameter): Name = "Max Power Dissipation"; Value = "75mW"; VariantName = "[No Variations]"
Add component (AddParameter): Name = "Min Operating Temperature"; Value = "-40°C"; VariantName = "[No Variations]"
Add component (AddParameter): Name = "Mount"; Value = "Surface Mount"; VariantName = "[No Variations]"
Add component (AddParameter): Name = "Number of Channels"; Value = "1"; VariantName = "[No Variations]"
Add component (AddParameter): Name = "Number of Elements"; Value = "1"; VariantName = "[No Variations]"
Add component (AddParameter): Name = "Number of Pins"; Value = "4"; VariantName = "[No Variations]"
Add component (AddParameter): Name = "Operating Supply Voltage"; Value = "1.7V"; VariantName = "[No Variations]"
Add component (AddParameter): Name = "Output Type"; Value = "Phototransistor"; VariantName = "[No Variations]"
Add component (AddParameter): Name = "Package Quantity"; Value = "1000"; VariantName = "[No Variations]"
Add component (AddParameter): Name = "Packaging"; Value = "Tape and Reel"; VariantName = "[No Variations]"
Add component (AddParameter): Name = "Power Dissipation"; Value = "75mW"; VariantName = "[No Variations]"
Add component (AddParameter): Name = "Radiation Hardening"; Value = "No"; VariantName = "[No Variations]"
Add component (AddParameter): Name = "REACH SVHC"; Value = "No SVHC"; VariantName = "[No Variations]"
Add component (AddParameter): Name = "Response Time"; Value = "20us"; VariantName = "[No Variations]"
Add component (AddParameter): Name = "Reverse Breakdown Voltage"; Value = "5V"; VariantName = "[No Variations]"
Add component (AddParameter): Name = "Reverse Voltage (DC)"; Value = "5V"; VariantName = "[No Variations]"
Add component (AddParameter): Name = "Rise Time"; Value = "20us"; VariantName = "[No Variations]"
Add component (AddParameter): Name = "Sensing Distance"; Value = "0.197inch"; VariantName = "[No Variations]"
Add component (AddParameter): Name = "Wavelength"; Value = "940nm"; VariantName = "[No Variations]"
Add component (AddParameter): Name = "Weight"; Value = "0.078g"; VariantName = "[No Variations]"
Add component (AddParameter): Name = "Width"; Value = "2.9mm"; VariantName = "[No Variations]"
Added Component: Designator=U8(FP-100CY-MFG)
Add component (AddParameter): Name = "Case/Package"; Value = "SMD/SMT"; VariantName = "[No Variations]"
Add component (AddParameter): Name = "Collector Emitter Breakdown Voltage"; Value = "30V"; VariantName = "[No Variations]"
Add component (AddParameter): Name = "Collector Emitter Voltage (VCEO)"; Value = "30V"; VariantName = "[No Variations]"
Add component (AddParameter): Name = "Contact Plating"; Value = "Tin"; VariantName = "[No Variations]"
Add component (AddParameter): Name = "Fall Time"; Value = "20us"; VariantName = "[No Variations]"
Add component (AddParameter): Name = "Forward Current"; Value = "50mA"; VariantName = "[No Variations]"
Add component (AddParameter): Name = "Forward Voltage"; Value = "1.2V"; VariantName = "[No Variations]"
Add component (AddParameter): Name = "Height"; Value = "1.7mm"; VariantName = "[No Variations]"
Add component (AddParameter): Name = "Input Current"; Value = "50mA"; VariantName = "[No Variations]"
Add component (AddParameter): Name = "Lead Free"; Value = "Lead Free"; VariantName = "[No Variations]"
Add component (AddParameter): Name = "Length"; Value = "3.6mm"; VariantName = "[No Variations]"
Add component (AddParameter): Name = "Max Breakdown Voltage"; Value = "30V"; VariantName = "[No Variations]"
Add component (AddParameter): Name = "Max Collector Current"; Value = "20mA"; VariantName = "[No Variations]"
Add component (AddParameter): Name = "Max Operating Temperature"; Value = "85°C"; VariantName = "[No Variations]"
Add component (AddParameter): Name = "Max Power Dissipation"; Value = "75mW"; VariantName = "[No Variations]"
Add component (AddParameter): Name = "Min Operating Temperature"; Value = "-40°C"; VariantName = "[No Variations]"
Add component (AddParameter): Name = "Mount"; Value = "Surface Mount"; VariantName = "[No Variations]"
Add component (AddParameter): Name = "Number of Channels"; Value = "1"; VariantName = "[No Variations]"
Add component (AddParameter): Name = "Number of Elements"; Value = "1"; VariantName = "[No Variations]"
Add component (AddParameter): Name = "Number of Pins"; Value = "4"; VariantName = "[No Variations]"
Add component (AddParameter): Name = "Operating Supply Voltage"; Value = "1.7V"; VariantName = "[No Variations]"
Add component (AddParameter): Name = "Output Type"; Value = "Phototransistor"; VariantName = "[No Variations]"
Add component (AddParameter): Name = "Package Quantity"; Value = "1000"; VariantName = "[No Variations]"
Add component (AddParameter): Name = "Packaging"; Value = "Tape and Reel"; VariantName = "[No Variations]"
Add component (AddParameter): Name = "Power Dissipation"; Value = "75mW"; VariantName = "[No Variations]"
Add component (AddParameter): Name = "Radiation Hardening"; Value = "No"; VariantName = "[No Variations]"
Add component (AddParameter): Name = "REACH SVHC"; Value = "No SVHC"; VariantName = "[No Variations]"
Add component (AddParameter): Name = "Response Time"; Value = "20us"; VariantName = "[No Variations]"
Add component (AddParameter): Name = "Reverse Breakdown Voltage"; Value = "5V"; VariantName = "[No Variations]"
Add component (AddParameter): Name = "Reverse Voltage (DC)"; Value = "5V"; VariantName = "[No Variations]"
Add component (AddParameter): Name = "Rise Time"; Value = "20us"; VariantName = "[No Variations]"
Add component (AddParameter): Name = "Sensing Distance"; Value = "0.197inch"; VariantName = "[No Variations]"
Add component (AddParameter): Name = "Wavelength"; Value = "940nm"; VariantName = "[No Variations]"
Add component (AddParameter): Name = "Weight"; Value = "0.078g"; VariantName = "[No Variations]"
Add component (AddParameter): Name = "Width"; Value = "2.9mm"; VariantName = "[No Variations]"
Added Component: Designator=U9(FP-100CY-MFG)
Add component (AddParameter): Name = "Case/Package"; Value = "SMD/SMT"; VariantName = "[No Variations]"
Add component (AddParameter): Name = "Collector Emitter Breakdown Voltage"; Value = "30V"; VariantName = "[No Variations]"
Add component (AddParameter): Name = "Collector Emitter Voltage (VCEO)"; Value = "30V"; VariantName = "[No Variations]"
Add component (AddParameter): Name = "Contact Plating"; Value = "Tin"; VariantName = "[No Variations]"
Add component (AddParameter): Name = "Fall Time"; Value = "20us"; VariantName = "[No Variations]"
Add component (AddParameter): Name = "Forward Current"; Value = "50mA"; VariantName = "[No Variations]"
Add component (AddParameter): Name = "Forward Voltage"; Value = "1.2V"; VariantName = "[No Variations]"
Add component (AddParameter): Name = "Height"; Value = "1.7mm"; VariantName = "[No Variations]"
Add component (AddParameter): Name = "Input Current"; Value = "50mA"; VariantName = "[No Variations]"
Add component (AddParameter): Name = "Lead Free"; Value = "Lead Free"; VariantName = "[No Variations]"
Add component (AddParameter): Name = "Length"; Value = "3.6mm"; VariantName = "[No Variations]"
Add component (AddParameter): Name = "Max Breakdown Voltage"; Value = "30V"; VariantName = "[No Variations]"
Add component (AddParameter): Name = "Max Collector Current"; Value = "20mA"; VariantName = "[No Variations]"
Add component (AddParameter): Name = "Max Operating Temperature"; Value = "85°C"; VariantName = "[No Variations]"
Add component (AddParameter): Name = "Max Power Dissipation"; Value = "75mW"; VariantName = "[No Variations]"
Add component (AddParameter): Name = "Min Operating Temperature"; Value = "-40°C"; VariantName = "[No Variations]"
Add component (AddParameter): Name = "Mount"; Value = "Surface Mount"; VariantName = "[No Variations]"
Add component (AddParameter): Name = "Number of Channels"; Value = "1"; VariantName = "[No Variations]"
Add component (AddParameter): Name = "Number of Elements"; Value = "1"; VariantName = "[No Variations]"
Add component (AddParameter): Name = "Number of Pins"; Value = "4"; VariantName = "[No Variations]"
Add component (AddParameter): Name = "Operating Supply Voltage"; Value = "1.7V"; VariantName = "[No Variations]"
Add component (AddParameter): Name = "Output Type"; Value = "Phototransistor"; VariantName = "[No Variations]"
Add component (AddParameter): Name = "Package Quantity"; Value = "1000"; VariantName = "[No Variations]"
Add component (AddParameter): Name = "Packaging"; Value = "Tape and Reel"; VariantName = "[No Variations]"
Add component (AddParameter): Name = "Power Dissipation"; Value = "75mW"; VariantName = "[No Variations]"
Add component (AddParameter): Name = "Radiation Hardening"; Value = "No"; VariantName = "[No Variations]"
Add component (AddParameter): Name = "REACH SVHC"; Value = "No SVHC"; VariantName = "[No Variations]"
Add component (AddParameter): Name = "Response Time"; Value = "20us"; VariantName = "[No Variations]"
Add component (AddParameter): Name = "Reverse Breakdown Voltage"; Value = "5V"; VariantName = "[No Variations]"
Add component (AddParameter): Name = "Reverse Voltage (DC)"; Value = "5V"; VariantName = "[No Variations]"
Add component (AddParameter): Name = "Rise Time"; Value = "20us"; VariantName = "[No Variations]"
Add component (AddParameter): Name = "Sensing Distance"; Value = "0.197inch"; VariantName = "[No Variations]"
Add component (AddParameter): Name = "Wavelength"; Value = "940nm"; VariantName = "[No Variations]"
Add component (AddParameter): Name = "Weight"; Value = "0.078g"; VariantName = "[No Variations]"
Add component (AddParameter): Name = "Width"; Value = "2.9mm"; VariantName = "[No Variations]"
Added Component: Designator=U10(FP-100CY-MFG)
Add component (AddParameter): Name = "Case/Package"; Value = "SMD/SMT"; VariantName = "[No Variations]"
Add component (AddParameter): Name = "Collector Emitter Breakdown Voltage"; Value = "30V"; VariantName = "[No Variations]"
Add component (AddParameter): Name = "Collector Emitter Voltage (VCEO)"; Value = "30V"; VariantName = "[No Variations]"
Add component (AddParameter): Name = "Contact Plating"; Value = "Tin"; VariantName = "[No Variations]"
Add component (AddParameter): Name = "Fall Time"; Value = "20us"; VariantName = "[No Variations]"
Add component (AddParameter): Name = "Forward Current"; Value = "50mA"; VariantName = "[No Variations]"
Add component (AddParameter): Name = "Forward Voltage"; Value = "1.2V"; VariantName = "[No Variations]"
Add component (AddParameter): Name = "Height"; Value = "1.7mm"; VariantName = "[No Variations]"
Add component (AddParameter): Name = "Input Current"; Value = "50mA"; VariantName = "[No Variations]"
Add component (AddParameter): Name = "Lead Free"; Value = "Lead Free"; VariantName = "[No Variations]"
Add component (AddParameter): Name = "Length"; Value = "3.6mm"; VariantName = "[No Variations]"
Add component (AddParameter): Name = "Max Breakdown Voltage"; Value = "30V"; VariantName = "[No Variations]"
Add component (AddParameter): Name = "Max Collector Current"; Value = "20mA"; VariantName = "[No Variations]"
Add component (AddParameter): Name = "Max Operating Temperature"; Value = "85°C"; VariantName = "[No Variations]"
Add component (AddParameter): Name = "Max Power Dissipation"; Value = "75mW"; VariantName = "[No Variations]"
Add component (AddParameter): Name = "Min Operating Temperature"; Value = "-40°C"; VariantName = "[No Variations]"
Add component (AddParameter): Name = "Mount"; Value = "Surface Mount"; VariantName = "[No Variations]"
Add component (AddParameter): Name = "Number of Channels"; Value = "1"; VariantName = "[No Variations]"
Add component (AddParameter): Name = "Number of Elements"; Value = "1"; VariantName = "[No Variations]"
Add component (AddParameter): Name = "Number of Pins"; Value = "4"; VariantName = "[No Variations]"
Add component (AddParameter): Name = "Operating Supply Voltage"; Value = "1.7V"; VariantName = "[No Variations]"
Add component (AddParameter): Name = "Output Type"; Value = "Phototransistor"; VariantName = "[No Variations]"
Add component (AddParameter): Name = "Package Quantity"; Value = "1000"; VariantName = "[No Variations]"
Add component (AddParameter): Name = "Packaging"; Value = "Tape and Reel"; VariantName = "[No Variations]"
Add component (AddParameter): Name = "Power Dissipation"; Value = "75mW"; VariantName = "[No Variations]"
Add component (AddParameter): Name = "Radiation Hardening"; Value = "No"; VariantName = "[No Variations]"
Add component (AddParameter): Name = "REACH SVHC"; Value = "No SVHC"; VariantName = "[No Variations]"
Add component (AddParameter): Name = "Response Time"; Value = "20us"; VariantName = "[No Variations]"
Add component (AddParameter): Name = "Reverse Breakdown Voltage"; Value = "5V"; VariantName = "[No Variations]"
Add component (AddParameter): Name = "Reverse Voltage (DC)"; Value = "5V"; VariantName = "[No Variations]"
Add component (AddParameter): Name = "Rise Time"; Value = "20us"; VariantName = "[No Variations]"
Add component (AddParameter): Name = "Sensing Distance"; Value = "0.197inch"; VariantName = "[No Variations]"
Add component (AddParameter): Name = "Wavelength"; Value = "940nm"; VariantName = "[No Variations]"
Add component (AddParameter): Name = "Weight"; Value = "0.078g"; VariantName = "[No Variations]"
Add component (AddParameter): Name = "Width"; Value = "2.9mm"; VariantName = "[No Variations]"
Added Component: Designator=U11(FP-100CY-MFG)
Add component (AddParameter): Name = "Case/Package"; Value = "SMD/SMT"; VariantName = "[No Variations]"
Add component (AddParameter): Name = "Collector Emitter Breakdown Voltage"; Value = "30V"; VariantName = "[No Variations]"
Add component (AddParameter): Name = "Collector Emitter Voltage (VCEO)"; Value = "30V"; VariantName = "[No Variations]"
Add component (AddParameter): Name = "Contact Plating"; Value = "Tin"; VariantName = "[No Variations]"
Add component (AddParameter): Name = "Fall Time"; Value = "20us"; VariantName = "[No Variations]"
Add component (AddParameter): Name = "Forward Current"; Value = "50mA"; VariantName = "[No Variations]"
Add component (AddParameter): Name = "Forward Voltage"; Value = "1.2V"; VariantName = "[No Variations]"
Add component (AddParameter): Name = "Height"; Value = "1.7mm"; VariantName = "[No Variations]"
Add component (AddParameter): Name = "Input Current"; Value = "50mA"; VariantName = "[No Variations]"
Add component (AddParameter): Name = "Lead Free"; Value = "Lead Free"; VariantName = "[No Variations]"
Add component (AddParameter): Name = "Length"; Value = "3.6mm"; VariantName = "[No Variations]"
Add component (AddParameter): Name = "Max Breakdown Voltage"; Value = "30V"; VariantName = "[No Variations]"
Add component (AddParameter): Name = "Max Collector Current"; Value = "20mA"; VariantName = "[No Variations]"
Add component (AddParameter): Name = "Max Operating Temperature"; Value = "85°C"; VariantName = "[No Variations]"
Add component (AddParameter): Name = "Max Power Dissipation"; Value = "75mW"; VariantName = "[No Variations]"
Add component (AddParameter): Name = "Min Operating Temperature"; Value = "-40°C"; VariantName = "[No Variations]"
Add component (AddParameter): Name = "Mount"; Value = "Surface Mount"; VariantName = "[No Variations]"
Add component (AddParameter): Name = "Number of Channels"; Value = "1"; VariantName = "[No Variations]"
Add component (AddParameter): Name = "Number of Elements"; Value = "1"; VariantName = "[No Variations]"
Add component (AddParameter): Name = "Number of Pins"; Value = "4"; VariantName = "[No Variations]"
Add component (AddParameter): Name = "Operating Supply Voltage"; Value = "1.7V"; VariantName = "[No Variations]"
Add component (AddParameter): Name = "Output Type"; Value = "Phototransistor"; VariantName = "[No Variations]"
Add component (AddParameter): Name = "Package Quantity"; Value = "1000"; VariantName = "[No Variations]"
Add component (AddParameter): Name = "Packaging"; Value = "Tape and Reel"; VariantName = "[No Variations]"
Add component (AddParameter): Name = "Power Dissipation"; Value = "75mW"; VariantName = "[No Variations]"
Add component (AddParameter): Name = "Radiation Hardening"; Value = "No"; VariantName = "[No Variations]"
Add component (AddParameter): Name = "REACH SVHC"; Value = "No SVHC"; VariantName = "[No Variations]"
Add component (AddParameter): Name = "Response Time"; Value = "20us"; VariantName = "[No Variations]"
Add component (AddParameter): Name = "Reverse Breakdown Voltage"; Value = "5V"; VariantName = "[No Variations]"
Add component (AddParameter): Name = "Reverse Voltage (DC)"; Value = "5V"; VariantName = "[No Variations]"
Add component (AddParameter): Name = "Rise Time"; Value = "20us"; VariantName = "[No Variations]"
Add component (AddParameter): Name = "Sensing Distance"; Value = "0.197inch"; VariantName = "[No Variations]"
Add component (AddParameter): Name = "Wavelength"; Value = "940nm"; VariantName = "[No Variations]"
Add component (AddParameter): Name = "Weight"; Value = "0.078g"; VariantName = "[No Variations]"
Add component (AddParameter): Name = "Width"; Value = "2.9mm"; VariantName = "[No Variations]"
Added Component: Designator=U12(FP-100CY-MFG)
Add component (AddParameter): Name = "Case/Package"; Value = "SMD/SMT"; VariantName = "[No Variations]"
Add component (AddParameter): Name = "Collector Emitter Breakdown Voltage"; Value = "30V"; VariantName = "[No Variations]"
Add component (AddParameter): Name = "Collector Emitter Voltage (VCEO)"; Value = "30V"; VariantName = "[No Variations]"
Add component (AddParameter): Name = "Contact Plating"; Value = "Tin"; VariantName = "[No Variations]"
Add component (AddParameter): Name = "Fall Time"; Value = "20us"; VariantName = "[No Variations]"
Add component (AddParameter): Name = "Forward Current"; Value = "50mA"; VariantName = "[No Variations]"
Add component (AddParameter): Name = "Forward Voltage"; Value = "1.2V"; VariantName = "[No Variations]"
Add component (AddParameter): Name = "Height"; Value = "1.7mm"; VariantName = "[No Variations]"
Add component (AddParameter): Name = "Input Current"; Value = "50mA"; VariantName = "[No Variations]"
Add component (AddParameter): Name = "Lead Free"; Value = "Lead Free"; VariantName = "[No Variations]"
Add component (AddParameter): Name = "Length"; Value = "3.6mm"; VariantName = "[No Variations]"
Add component (AddParameter): Name = "Max Breakdown Voltage"; Value = "30V"; VariantName = "[No Variations]"
Add component (AddParameter): Name = "Max Collector Current"; Value = "20mA"; VariantName = "[No Variations]"
Add component (AddParameter): Name = "Max Operating Temperature"; Value = "85°C"; VariantName = "[No Variations]"
Add component (AddParameter): Name = "Max Power Dissipation"; Value = "75mW"; VariantName = "[No Variations]"
Add component (AddParameter): Name = "Min Operating Temperature"; Value = "-40°C"; VariantName = "[No Variations]"
Add component (AddParameter): Name = "Mount"; Value = "Surface Mount"; VariantName = "[No Variations]"
Add component (AddParameter): Name = "Number of Channels"; Value = "1"; VariantName = "[No Variations]"
Add component (AddParameter): Name = "Number of Elements"; Value = "1"; VariantName = "[No Variations]"
Add component (AddParameter): Name = "Number of Pins"; Value = "4"; VariantName = "[No Variations]"
Add component (AddParameter): Name = "Operating Supply Voltage"; Value = "1.7V"; VariantName = "[No Variations]"
Add component (AddParameter): Name = "Output Type"; Value = "Phototransistor"; VariantName = "[No Variations]"
Add component (AddParameter): Name = "Package Quantity"; Value = "1000"; VariantName = "[No Variations]"
Add component (AddParameter): Name = "Packaging"; Value = "Tape and Reel"; VariantName = "[No Variations]"
Add component (AddParameter): Name = "Power Dissipation"; Value = "75mW"; VariantName = "[No Variations]"
Add component (AddParameter): Name = "Radiation Hardening"; Value = "No"; VariantName = "[No Variations]"
Add component (AddParameter): Name = "REACH SVHC"; Value = "No SVHC"; VariantName = "[No Variations]"
Add component (AddParameter): Name = "Response Time"; Value = "20us"; VariantName = "[No Variations]"
Add component (AddParameter): Name = "Reverse Breakdown Voltage"; Value = "5V"; VariantName = "[No Variations]"
Add component (AddParameter): Name = "Reverse Voltage (DC)"; Value = "5V"; VariantName = "[No Variations]"
Add component (AddParameter): Name = "Rise Time"; Value = "20us"; VariantName = "[No Variations]"
Add component (AddParameter): Name = "Sensing Distance"; Value = "0.197inch"; VariantName = "[No Variations]"
Add component (AddParameter): Name = "Wavelength"; Value = "940nm"; VariantName = "[No Variations]"
Add component (AddParameter): Name = "Weight"; Value = "0.078g"; VariantName = "[No Variations]"
Add component (AddParameter): Name = "Width"; Value = "2.9mm"; VariantName = "[No Variations]"
Added Component: Designator=U13(FP-100CY-MFG)
Add component (AddParameter): Name = "Case/Package"; Value = "SMD/SMT"; VariantName = "[No Variations]"
Add component (AddParameter): Name = "Collector Emitter Breakdown Voltage"; Value = "30V"; VariantName = "[No Variations]"
Add component (AddParameter): Name = "Collector Emitter Voltage (VCEO)"; Value = "30V"; VariantName = "[No Variations]"
Add component (AddParameter): Name = "Contact Plating"; Value = "Tin"; VariantName = "[No Variations]"
Add component (AddParameter): Name = "Fall Time"; Value = "20us"; VariantName = "[No Variations]"
Add component (AddParameter): Name = "Forward Current"; Value = "50mA"; VariantName = "[No Variations]"
Add component (AddParameter): Name = "Forward Voltage"; Value = "1.2V"; VariantName = "[No Variations]"
Add component (AddParameter): Name = "Height"; Value = "1.7mm"; VariantName = "[No Variations]"
Add component (AddParameter): Name = "Input Current"; Value = "50mA"; VariantName = "[No Variations]"
Add component (AddParameter): Name = "Lead Free"; Value = "Lead Free"; VariantName = "[No Variations]"
Add component (AddParameter): Name = "Length"; Value = "3.6mm"; VariantName = "[No Variations]"
Add component (AddParameter): Name = "Max Breakdown Voltage"; Value = "30V"; VariantName = "[No Variations]"
Add component (AddParameter): Name = "Max Collector Current"; Value = "20mA"; VariantName = "[No Variations]"
Add component (AddParameter): Name = "Max Operating Temperature"; Value = "85°C"; VariantName = "[No Variations]"
Add component (AddParameter): Name = "Max Power Dissipation"; Value = "75mW"; VariantName = "[No Variations]"
Add component (AddParameter): Name = "Min Operating Temperature"; Value = "-40°C"; VariantName = "[No Variations]"
Add component (AddParameter): Name = "Mount"; Value = "Surface Mount"; VariantName = "[No Variations]"
Add component (AddParameter): Name = "Number of Channels"; Value = "1"; VariantName = "[No Variations]"
Add component (AddParameter): Name = "Number of Elements"; Value = "1"; VariantName = "[No Variations]"
Add component (AddParameter): Name = "Number of Pins"; Value = "4"; VariantName = "[No Variations]"
Add component (AddParameter): Name = "Operating Supply Voltage"; Value = "1.7V"; VariantName = "[No Variations]"
Add component (AddParameter): Name = "Output Type"; Value = "Phototransistor"; VariantName = "[No Variations]"
Add component (AddParameter): Name = "Package Quantity"; Value = "1000"; VariantName = "[No Variations]"
Add component (AddParameter): Name = "Packaging"; Value = "Tape and Reel"; VariantName = "[No Variations]"
Add component (AddParameter): Name = "Power Dissipation"; Value = "75mW"; VariantName = "[No Variations]"
Add component (AddParameter): Name = "Radiation Hardening"; Value = "No"; VariantName = "[No Variations]"
Add component (AddParameter): Name = "REACH SVHC"; Value = "No SVHC"; VariantName = "[No Variations]"
Add component (AddParameter): Name = "Response Time"; Value = "20us"; VariantName = "[No Variations]"
Add component (AddParameter): Name = "Reverse Breakdown Voltage"; Value = "5V"; VariantName = "[No Variations]"
Add component (AddParameter): Name = "Reverse Voltage (DC)"; Value = "5V"; VariantName = "[No Variations]"
Add component (AddParameter): Name = "Rise Time"; Value = "20us"; VariantName = "[No Variations]"
Add component (AddParameter): Name = "Sensing Distance"; Value = "0.197inch"; VariantName = "[No Variations]"
Add component (AddParameter): Name = "Wavelength"; Value = "940nm"; VariantName = "[No Variations]"
Add component (AddParameter): Name = "Weight"; Value = "0.078g"; VariantName = "[No Variations]"
Add component (AddParameter): Name = "Width"; Value = "2.9mm"; VariantName = "[No Variations]"
Added Component: Designator=U14(FP-100CY-MFG)
Add component (AddParameter): Name = "Case/Package"; Value = "SMD/SMT"; VariantName = "[No Variations]"
Add component (AddParameter): Name = "Collector Emitter Breakdown Voltage"; Value = "30V"; VariantName = "[No Variations]"
Add component (AddParameter): Name = "Collector Emitter Voltage (VCEO)"; Value = "30V"; VariantName = "[No Variations]"
Add component (AddParameter): Name = "Contact Plating"; Value = "Tin"; VariantName = "[No Variations]"
Add component (AddParameter): Name = "Fall Time"; Value = "20us"; VariantName = "[No Variations]"
Add component (AddParameter): Name = "Forward Current"; Value = "50mA"; VariantName = "[No Variations]"
Add component (AddParameter): Name = "Forward Voltage"; Value = "1.2V"; VariantName = "[No Variations]"
Add component (AddParameter): Name = "Height"; Value = "1.7mm"; VariantName = "[No Variations]"
Add component (AddParameter): Name = "Input Current"; Value = "50mA"; VariantName = "[No Variations]"
Add component (AddParameter): Name = "Lead Free"; Value = "Lead Free"; VariantName = "[No Variations]"
Add component (AddParameter): Name = "Length"; Value = "3.6mm"; VariantName = "[No Variations]"
Add component (AddParameter): Name = "Max Breakdown Voltage"; Value = "30V"; VariantName = "[No Variations]"
Add component (AddParameter): Name = "Max Collector Current"; Value = "20mA"; VariantName = "[No Variations]"
Add component (AddParameter): Name = "Max Operating Temperature"; Value = "85°C"; VariantName = "[No Variations]"
Add component (AddParameter): Name = "Max Power Dissipation"; Value = "75mW"; VariantName = "[No Variations]"
Add component (AddParameter): Name = "Min Operating Temperature"; Value = "-40°C"; VariantName = "[No Variations]"
Add component (AddParameter): Name = "Mount"; Value = "Surface Mount"; VariantName = "[No Variations]"
Add component (AddParameter): Name = "Number of Channels"; Value = "1"; VariantName = "[No Variations]"
Add component (AddParameter): Name = "Number of Elements"; Value = "1"; VariantName = "[No Variations]"
Add component (AddParameter): Name = "Number of Pins"; Value = "4"; VariantName = "[No Variations]"
Add component (AddParameter): Name = "Operating Supply Voltage"; Value = "1.7V"; VariantName = "[No Variations]"
Add component (AddParameter): Name = "Output Type"; Value = "Phototransistor"; VariantName = "[No Variations]"
Add component (AddParameter): Name = "Package Quantity"; Value = "1000"; VariantName = "[No Variations]"
Add component (AddParameter): Name = "Packaging"; Value = "Tape and Reel"; VariantName = "[No Variations]"
Add component (AddParameter): Name = "Power Dissipation"; Value = "75mW"; VariantName = "[No Variations]"
Add component (AddParameter): Name = "Radiation Hardening"; Value = "No"; VariantName = "[No Variations]"
Add component (AddParameter): Name = "REACH SVHC"; Value = "No SVHC"; VariantName = "[No Variations]"
Add component (AddParameter): Name = "Response Time"; Value = "20us"; VariantName = "[No Variations]"
Add component (AddParameter): Name = "Reverse Breakdown Voltage"; Value = "5V"; VariantName = "[No Variations]"
Add component (AddParameter): Name = "Reverse Voltage (DC)"; Value = "5V"; VariantName = "[No Variations]"
Add component (AddParameter): Name = "Rise Time"; Value = "20us"; VariantName = "[No Variations]"
Add component (AddParameter): Name = "Sensing Distance"; Value = "0.197inch"; VariantName = "[No Variations]"
Add component (AddParameter): Name = "Wavelength"; Value = "940nm"; VariantName = "[No Variations]"
Add component (AddParameter): Name = "Weight"; Value = "0.078g"; VariantName = "[No Variations]"
Add component (AddParameter): Name = "Width"; Value = "2.9mm"; VariantName = "[No Variations]"
Added Pin To Net: NetName=NetR3_1 Pin=R3-1
Added Pin To Net: NetName=+5 Pin=R3-2
Added Pin To Net: NetName=NetR4_1 Pin=R4-1
Added Pin To Net: NetName=+5 Pin=R4-2
Added Pin To Net: NetName=+5 Pin=R7-1
Added Pin To Net: NetName=sense_3 Pin=R7-2
Added Pin To Net: NetName=+5 Pin=R8-1
Added Pin To Net: NetName=sense_4 Pin=R8-2
Added Pin To Net: NetName=NetR9_1 Pin=R9-1
Added Pin To Net: NetName=+5 Pin=R9-2
Added Pin To Net: NetName=NetR10_1 Pin=R10-1
Added Pin To Net: NetName=+5 Pin=R10-2
Added Pin To Net: NetName=NetR11_1 Pin=R11-1
Added Pin To Net: NetName=+5 Pin=R11-2
Added Pin To Net: NetName=NetR12_1 Pin=R12-1
Added Pin To Net: NetName=+5 Pin=R12-2
Added Pin To Net: NetName=+5 Pin=R13-1
Added Pin To Net: NetName=sense_5 Pin=R13-2
Added Pin To Net: NetName=+5 Pin=R14-1
Added Pin To Net: NetName=sense_6 Pin=R14-2
Added Pin To Net: NetName=+5 Pin=R15-1
Added Pin To Net: NetName=sense_7 Pin=R15-2
Added Pin To Net: NetName=+5 Pin=R16-1
Added Pin To Net: NetName=sense_8 Pin=R16-2
Added Pin To Net: NetName=NetR17_1 Pin=R17-1
Added Pin To Net: NetName=+5 Pin=R17-2
Added Pin To Net: NetName=NetR18_1 Pin=R18-1
Added Pin To Net: NetName=+5 Pin=R18-2
Added Pin To Net: NetName=NetR19_1 Pin=R19-1
Added Pin To Net: NetName=+5 Pin=R19-2
Added Pin To Net: NetName=+5 Pin=R20-1
Added Pin To Net: NetName=sense_9 Pin=R20-2
Added Pin To Net: NetName=+5 Pin=R21-1
Added Pin To Net: NetName=sense_10 Pin=R21-2
Added Pin To Net: NetName=+5 Pin=R22-1
Added Pin To Net: NetName=sense_11 Pin=R22-2
Added Pin To Net: NetName=NetR23_1 Pin=R23-1
Added Pin To Net: NetName=+5 Pin=R23-2
Added Pin To Net: NetName=NetR24_1 Pin=R24-1
Added Pin To Net: NetName=+5 Pin=R24-2
Added Pin To Net: NetName=NetR3_1 Pin=U3-1
Added Pin To Net: NetName=GND Pin=U3-2
Added Pin To Net: NetName=sense_3 Pin=U3-3
Added Pin To Net: NetName=GND Pin=U3-4
Added Pin To Net: NetName=NetR4_1 Pin=U4-1
Added Pin To Net: NetName=GND Pin=U4-2
Added Pin To Net: NetName=sense_4 Pin=U4-3
Added Pin To Net: NetName=GND Pin=U4-4
Added Pin To Net: NetName=NetR9_1 Pin=U5-1
Added Pin To Net: NetName=GND Pin=U5-2
Added Pin To Net: NetName=sense_5 Pin=U5-3
Added Pin To Net: NetName=GND Pin=U5-4
Added Pin To Net: NetName=NetR10_1 Pin=U6-1
Added Pin To Net: NetName=GND Pin=U6-2
Added Pin To Net: NetName=sense_6 Pin=U6-3
Added Pin To Net: NetName=GND Pin=U6-4
Added Pin To Net: NetName=NetR11_1 Pin=U7-1
Added Pin To Net: NetName=GND Pin=U7-2
Added Pin To Net: NetName=sense_7 Pin=U7-3
Added Pin To Net: NetName=GND Pin=U7-4
Added Pin To Net: NetName=NetR12_1 Pin=U8-1
Added Pin To Net: NetName=GND Pin=U8-2
Added Pin To Net: NetName=sense_8 Pin=U8-3
Added Pin To Net: NetName=GND Pin=U8-4
Added Pin To Net: NetName=NetR17_1 Pin=U9-1
Added Pin To Net: NetName=GND Pin=U9-2
Added Pin To Net: NetName=sense_9 Pin=U9-3
Added Pin To Net: NetName=GND Pin=U9-4
Added Pin To Net: NetName=NetR18_1 Pin=U10-1
Added Pin To Net: NetName=GND Pin=U10-2
Added Pin To Net: NetName=sense_10 Pin=U10-3
Added Pin To Net: NetName=GND Pin=U10-4
Added Pin To Net: NetName=NetR19_1 Pin=U11-1
Added Pin To Net: NetName=GND Pin=U11-2
Added Pin To Net: NetName=sense_11 Pin=U11-3
Added Pin To Net: NetName=GND Pin=U11-4
Added Pin To Net: NetName=NetR23_1 Pin=U12-1
Added Pin To Net: NetName=GND Pin=U12-2
Added Pin To Net: NetName=sense_12 Pin=U12-3
Added Pin To Net: NetName=GND Pin=U12-4
Added Pin To Net: NetName=NetR24_1 Pin=U13-1
Added Pin To Net: NetName=GND Pin=U13-2
Added Pin To Net: NetName=sense_13 Pin=U13-3
Added Pin To Net: NetName=GND Pin=U13-4
Added Pin To Net: NetName=NetR25_1 Pin=U14-1
Added Pin To Net: NetName=GND Pin=U14-2
Added Pin To Net: NetName=sense_14 Pin=U14-3
Added Pin To Net: NetName=GND Pin=U14-4
Added Member To Class: ClassName=sensor Member=Component R3 RNCP1206FTD200R
Added Member To Class: ClassName=sensor Member=Component R4 RNCP1206FTD200R
Added Member To Class: ClassName=sensor Member=Component R7 CRGCQ1206J10K
Added Member To Class: ClassName=sensor Member=Component R8 CRGCQ1206J10K
Added Member To Class: ClassName=sensor Member=Component R9 RNCP1206FTD200R
Added Member To Class: ClassName=sensor Member=Component R10 RNCP1206FTD200R
Added Member To Class: ClassName=sensor Member=Component R11 RNCP1206FTD200R
Added Member To Class: ClassName=sensor Member=Component R12 RNCP1206FTD200R
Added Member To Class: ClassName=sensor Member=Component R13 CRGCQ1206J10K
Added Member To Class: ClassName=sensor Member=Component R14 CRGCQ1206J10K
Added Member To Class: ClassName=sensor Member=Component R15 CRGCQ1206J10K
Added Member To Class: ClassName=sensor Member=Component R16 CRGCQ1206J10K
Added Member To Class: ClassName=sensor Member=Component R17 RNCP1206FTD200R
Added Member To Class: ClassName=sensor Member=Component R18 RNCP1206FTD200R
Added Member To Class: ClassName=sensor Member=Component R19 RNCP1206FTD200R
Added Member To Class: ClassName=sensor Member=Component R20 CRGCQ1206J10K
Added Member To Class: ClassName=sensor Member=Component R21 CRGCQ1206J10K
Added Member To Class: ClassName=sensor Member=Component R22 CRGCQ1206J10K
Added Member To Class: ClassName=sensor Member=Component R23 RNCP1206FTD200R
Added Member To Class: ClassName=sensor Member=Component R24 RNCP1206FTD200R
Added Member To Class: ClassName=board Member=Component R29 150R 5% 0603(1608)
Added Member To Class: ClassName=sensor Member=Component U3 QRE1113GR
Added Member To Class: ClassName=sensor Member=Component U4 QRE1113GR
Added Member To Class: ClassName=sensor Member=Component U5 QRE1113GR
Added Member To Class: ClassName=sensor Member=Component U6 QRE1113GR
Added Member To Class: ClassName=sensor Member=Component U7 QRE1113GR
Added Member To Class: ClassName=sensor Member=Component U8 QRE1113GR
Added Member To Class: ClassName=sensor Member=Component U9 QRE1113GR
Added Member To Class: ClassName=sensor Member=Component U10 QRE1113GR
Added Member To Class: ClassName=sensor Member=Component U11 QRE1113GR
Added Member To Class: ClassName=sensor Member=Component U12 QRE1113GR
Added Member To Class: ClassName=sensor Member=Component U13 QRE1113GR
Added Member To Class: ClassName=sensor Member=Component U14 QRE1113GR
